NP;82320
NN;48763
NP NP;43225
NN NN;25104
JJ NN;22006
NP CD;16672
NP NP NP;12124
NN NNS;9017
NNS;8638
JJ NNS;8147
JJ NP;6562
JJ NP NP;5667
NN NP NP;4755
NP NN;4755
NN NP;4353
NN NN NN;3671
JJ NN NN;3006
NP NP NP NP;2693
JJ JJ NN;2660
NN CD;2257
NP NP IN NP;1750
NP NP NN;1720
NP NNS;1695
JJ NP NP NP;1517
NN NP NP NP;1243
NN JJ;1217
NP NPS;1108
NN NN NP;1082
NP NN NN;1024
NP NP CD;950
JJ JJ NN NN;821
NP NP IN NP NP;788
NP NP NPS;744
JJ JJ NNS;730
NP NP IN NP NN;701
JJ NN NP;675
NP NP NP NP NP;666
JJ NP NN;619
NN JJ NN;609
NN NN NN NN;599
NN NN NNS;592
JJ NP NNS;555
NP NP NP CD;547
JJ NN NNS;523
NP NP NNS;518
NP CD NN;511
JJ NN NN NN;492
NP NP NP NN;457
NP JJ NN;446
NNS NP;434
NN NP CD;427
NNS JJ;421
JJ NP NP NP NP;400
CD NN;389
JJ NP NPS;382
JJ NP CD;380
NN NP NP NP NP;345
NN NN CD;345
NN CD NN;328
JJ NPS;321
NP POS NN;320
NN PP;320
NNS CD;318
NP NN IN NN;297
NP NP NP IN NP;295
NP NN NP;291
NP NN IN NN NN;279
NP POS NP;274
NN NP NP CD;271
NP NN CD;265
NN CD NNS;260
NN IN NP;257
NP NP NP NP CD;252
NN NN JJ;251
JJ NN CD;242
JJ JJ;224
NNS NP NP;220
NN NP NN;215
NP NP NN NN;214
NN NN IN NN;208
CD NP;201
JJ JJ JJ NN;200
SYM CD;198
NP NP NP NP NP NP;197
NP JJ;189
NN NN JJ NN;188
NP NP NP NPS;187
NN NP NN NN;180
CD NP NP;178
NN NN NP NP;178
NNS NN;177
NP NN NN NN;175
NN NN NN NP;174
NN NN IN NN NN;167
JJ NN NN CD;152
NN NP NP NP CD;150
NN JJ NN NN;144
NN NN NP CD;143
NN NN NN CD;137
CD NN NN;137
JJ NP NP NPS;136
JJ NN NN NP;135
NP CD NP;135
NP NP NP IN NP NP;135
NN NP NPS;134
NP NP NN NP;134
NNS NNS;133
JJ NN IN NN;130
JJ NN JJ;130
NP NPS NP;130
NP CD CD;129
NP NN NN NP;127
NP CD NP NP;127
NPS;127
NP NP CD NP;126
NN NP NP NP NP NP;125
NN DT NN;124
NN CD NP NP;121
NP NP NP IN NP NN;120
NN NP NP NN;113
NNS NN CD;112
JJ NN IN NP;110
JJ NP NP NP NP NP;107
JJ NN IN NN NN;104
NN CD NP;104
NP IN NP;101
NP NP JJ NN;100
JJ NN JJ NN;98
JJ JJ NN NN NN;98
NP NN NNS;96
NN NN IN NP;95
JJ NN NP NP;93
NN : NN;93
NN IN NP NP;93
NP NP NN IN NN;92
NN CD NP NP NP;91
JJ NN NN NN NN;88
NP NP IN NP NP NP;88
NP JJ NN NN;87
NN NPS;86
NN NN NN NN NN;85
NN JJ NP;84
NP NP NP NP NP CD;84
NNS IN NP;82
NN CD NN NN;82
JJ JJ CD;82
JJ NP NP NP CD;81
JJ JJ NN CD;81
NN IN NN;80
NP NP PP;80
CD JJ NN;80
NNS CD NN;80
NP NP NP NP NN;80
NP NN NN CD;79
NN NN NP NN;77
NN NNS NN;77
NN JJ NNS;76
NP NP NN IN NN NN;75
JJ NP NP CD;72
NN NP NP NPS;72
NN NN PP;72
JJ JJ NP;70
JJ JJ NN NP;70
JJ NN CD NNS;69
NP NP CD NN;68
JJ NP NP NN;68
JJ NP NN NN;66
NP NP NP NNS;66
NP NP IN NN;65
JJ NP IN NP;64
NNS CC NNS;63
CD NP NP NP;62
NN JJ NN CD;61
JJ NN NP CD;60
NN NN NP NP NP;60
NP NN NP NP;59
NNS JJ NP;58
NNS NP CD;58
NP CC NP;57
RB NP NP;56
NN NN NN NNS;56
NN NN CD NN;55
NP JJ NP;54
NP NP NP NP IN NP;53
JJ NN IN JJ NN;53
JJ NN PP;53
NP NN IN JJ NN;53
NN IN DT NP;52
NP NP NP NP NPS;52
NP NP NN CD;52
NN NP NN NN NN;51
NP NP JJ;50
NP NP CD IN NP;50
NNS CD NNS;50
NN : NN NN;50
NN JJ NP CD;48
NN SYM;47
JJ NN NN NN CD;47
NN NP CD NP;47
JJ JJ NN NNS;47
NN NNS JJ;47
NN NN IN JJ NN;46
JJ NN IN NP NP;46
NN NN NP NP NP NP CD;45
NNS IN JJ;44
NP CD NP NP NP;44
JJ NP NP NP NPS;44
JJ NN NN JJ;43
NN NP NP NP NP CD;43
NP POS NP NP;42
NP CD NN NN;42
NP NP NP CD NP;42
NN NP NP NP NPS;42
NNS CD CD;41
NN CC NN;41
NN NP NP NP NN;41
NP NP NP NN NP;40
NNS NP NP NP;39
NN NN DT NN;39
JJ NP NP NP NP CD;38
JJ NP NP IN NP;37
NN NNS NP;37
NP NP CC NP;37
NN NN IN NP NP;37
JJ NN NN NNS;36
JJ NN NP NN;35
NN : NN : NN;35
NP NP NN NN NN;35
NP IN NP NP;34
CD NP CD NN;34
NP NP CD CD;34
JJ JJ JJ NN NN;34
NN NN JJ NN NN;33
PP RB;33
NN NP NP NNS;33
NN JJ NP NP;33
NP NN NP NN;33
NN JJ NN NN CD;33
NP CC NP NP;32
NN NN NN JJ NN;32
JJ NN IN NP NN;32
JJ NN CD NN;31
NP NP POS NN;31
NP NN IN NNS;31
JJ NN JJ NN NN;31
NN JJ CD;31
NN NN NN JJ;30
NN CD NP NN NP;30
NN NN NN NN CD;30
NN NN IN NP NN;30
NP NP NP CD NN;29
JJ NN NP NP NP;29
NP JJ JJ NN;29
NN NP CD NN;29
JJ JJ NP NN;29
NP NN CD NN;29
NNS NN NN;29
NP NP CD IN NP NP;29
NP NP NPS NP;29
JJ CD;28
NP NP NP IN NP NP NP;28
JJ NN DT NN;28
NP NP NP PP;28
JJ JJ NN NN CD;28
JJ NN NN JJ NN;28
NN IN DT NN;28
NN IN NP NP NP;28
NN NNS NN NN;27
NN NP JJ NN;27
NN NP NP NN NP;27
CD NNS;27
RB NP;26
NN CD CD;26
JJ JJ NP CD;26
CD NP NNS;26
NP NP JJ NN NN;26
NP POS NNS;26
NP NP NP NP NP NP NP;26
JJ JJ NN NN NP;25
CD NP NP NP NP;25
NNS IN NP NP;25
JJ NP NP NNS;25
CD NN NP;25
NP NN NPS SYM NN;25
NP NP POS;25
JJ JJ NP NP;25
NN NP NP NP NP NP CD;25
RB NP NP NP;25
NP NP CD NP NP;25
JJ NP NP NP NP NP NP;24
NN SYM CD;24
JJ NN NN NN NP;24
JJ NP NN NP;24
NP NN NP NP NP;24
NN NP NP JJ NN;24
NPS NP;24
NP POS NN NN;24
NN IN JJ;23
NP NNS NP;23
NNS JJ CD;23
NP NN NP CD;23
NN NN NN NN NP;23
NP NN NN NN NN;23
NP NP NP NP IN NP NP;23
NN NN NP NP CD;23
NP NP CD NP NP NP;23
NN IN NNS;22
NP NN NN NNS;22
NP POS;22
NN IN NP CD;22
NN JJ JJ NN;22
NN POS NN;22
NN NP NP NP NP NP NP;22
CD JJ JJ NN;22
NP NP IN NN NN;22
NN NN NN PP;22
JJ NN CC JJ NN;22
CD JJ NN NN;22
NN SYM CD NN;22
NN NP NP PP;22
NNS CC NP;22
JJ JJ JJ NNS;21
JJ NP JJ NN;21
NP NP NN NNS;21
JJ NN IN NN NN NN;21
NN JJ NN NN NN;21
FW CD;21
NNS NP NP CD;21
SYM CD NN;20
JJ JJ NN JJ;20
NN NP NNS;20
NP POS JJ NN;20
NN NN NN NP NP;20
NP NN NN NN CD;19
NN CD JJ NN;19
NN NP NN NP;19
JJ NN NN PP;19
NN NN NP NP NP NP;19
NN DT NN NN;19
NP JJ NNS;19
SYM NP NPS;19
MD NP;19
NP NNS NN;19
NN NP CD NP NP;19
NN NNS JJ NN;19
LS POS NP NP;19
NP NP CC NP NP;18
NP NP NP NN NN;18
RB JJ;18
JJ NP NP NP NN;18
JJ JJ JJ JJ NN;18
JJ NN IN JJ NNS;18
JJ NNS JJ;18
NN NN NPS;18
NP NP JJ NP;18
NP POS NP NP NP;18
NN NN CD NP;18
FW;18
NP NN NPS;17
JJ NNS NN;17
NN NN : NN;17
NN NN IN NNS;17
NP NP NN IN JJ NN;17
NN CD '' NN;17
NNS CD NN NP;17
NP NP NP NP IN NP NN;17
JJ NN IN NNS;17
JJ NN NN CD NN;17
NN IN JJ NN;17
NP NP NN NPS;17
CD JJ NP;17
NN NP NN CD;17
NP NP POS NP;17
NNS IN NN;17
JJ NP IN NP NP;16
CC CD;16
JJ JJ NN IN NN;16
NN JJ NP NN;16
NN IN DT NP NP;16
NP NP NP NP NP NPS;16
NP NP NP CD CD;16
JJ JJ JJ NP;16
NP NP NP NN CD;16
NN : NN : NN : NN;16
NP JJ NN NN NN;16
NN NN JJ NP;16
JJ JJ JJ;16
NN POS NP;16
NP NN CD IN NN NN;16
NP NN CD NN NN;15
JJ NP CC NP NP NP;15
JJ NNS NP;15
SYM NN;15
NP NN IN NP;15
NN DT CD NP;15
JJ NN NP NP NP NP;15
NN DT JJ;15
NP NP CD IN NP NN;15
IN NP NP NP;15
NP JJ NN CD;14
JJ NP CD NN;14
JJ NPS NP;14
CD JJ NNS;14
NP NN JJ;14
NN NP NP IN NP;14
NN POS NNS;14
NN IN NP NPS;14
NN SYM NN;14
NN NP NP NP NP NPS;14
SYM NP NP NP;14
NN NP SYM CD;14
MD NP NP;14
JJ NN IN DT NN;14
NN NN : NN NN;14
NNS JJ NN;14
SYM NP CD NP;14
NP NP NP NP NP NN;14
NP CD NP NP NP NP;14
NN DT CD NP NP;14
NN JJ NN NP;14
NP NN JJ NN;14
JJ NP CD CD;13
NN JJ NP NP NP;13
NN CD NN NP;13
JJ NP NP IN NP NP;13
JJ NP JJ;13
NP CC NP NP IN NP;13
NN NP IN NP;13
NP CC NP NP NP;13
NP NN NP NP CD;13
JJ JJ NN NN NN NN;13
CD NN NN NN;13
NNS JJ NP NP;13
CD NP NN;13
NN IN NN NN;13
NN RB;13
JJ NN JJ NNS;13
NP CD NN NP;13
JJ NP POS NN;13
NP CD NP CD;13
NNS NP CD NP CD;13
LS POS NN;13
NP NP NP NP NNS;13
NP RB;12
NNS POS NNS;12
JJ NP NP NP NNS;12
CD NN JJ;12
JJ NN NN IN JJ NN;12
NN JJ NP NNS;12
NP NP NP JJ;12
NN CD NP NN;12
NN NN NN NP CD;12
JJ NN CC NN;12
NN NN JJ NN CD;12
NN NP NP NP NP NP NP NP;12
NN NP NP NP NN NP NP NP;12
NN NN NN CD NN;12
NP NNS NNS;12
NN NP CD CD;12
NN CC NP NP;12
NN DT JJ NN;12
NP NP NP NP PP;12
JJ NN IN CD;12
CD NN JJ NN;12
NP NPS NP IN NP;12
NP NN CD IN NN;12
NN CC NP;11
JJ JJ NN PP;11
CD NP CD NP NP;11
NP CD NP NN;11
NP NP DT NN;11
NN NP NP NP NN NP;11
NN NN NP NP NN;11
JJ NN NP NP NN;11
NN DT CD NNS;11
NP NP NP JJ NN;11
PP$ CD;11
JJ NN IN DT JJ NN;11
NN NN NN NN NN NN;11
NP JJ NN NP;11
NP CD POS NN;11
JJ NP NP NP NP NP CD;11
RB NP NP NN;11
NP NPS NP NP NP;11
CD NP NP NN;11
NN CD NP NP NNS;11
NN CD NN JJ NP;11
JJ NN JJ NN CD;11
SYM NP NP;11
JJ NN CD NP NP;11
NN JJ NN JJ;11
NN SYM NP;10
NP NP CD NN NN;10
JJ NP POS NP;10
NN : NP NN;10
JJ CC JJ NNS;10
JJ JJ NN JJ NN;10
NP CD JJ NN;10
NP JJ NPS;10
NP NPS NN;10
JJ NP CD NP;10
RB JJ NNS;10
NN NP NN NNS;10
NP NP NP NP NN CD;10
NP NN PP;10
SYM CD CD;10
NP NP NN NP NP NP;10
JJ NN : NN;10
JJ NP NPS NP;10
NNS NN CD NN;10
JJ NN CD NP NNS;10
NN NNS NNS;10
NN NNS CD;10
NNS NP NPS;10
SYM CD NP;10
NP NP IN JJ NN;10
NP IN NP CD;10
NP NP NP NP NN NP;10
NN NN NP CD NP;10
TO CD;10
JJ NN NN NN NN NN;10
JJ NP PP;9
NP IN NPS;9
JJ CC NP NP NP;9
NN JJ NN NNS;9
NP NN NP SYM NN;9
SYM JJ;9
SYM NN NN;9
JJ NN NN NP NN;9
JJR NP NP;9
NP NP NN NP NP;9
NNS NPS;9
NNS IN JJ NN;9
JJ NNS CC NNS;9
NP NN NN NN NP;9
CD NP CD NP;9
NN TO NP NP;9
NNS POS NN;9
NP NP NP CD NNS;9
NN NP NN NN NN NN;9
NP CC NP NP NP NP;9
RB JJ NN;9
NP NN NN JJ;9
NN NN CD NP CD NP CD;9
JJ NP NP NP NP NN;9
NP NN IN JJ NNS;9
CD NN NP NP;9
JJ NP JJ NP CD;9
VB NP NP NN;9
NP NP NP NP JJ;9
NP NP NP CC NP;9
JJ NP NN NNS;9
JJ NN IN DT NP;9
NN NNS NN CD;9
NN NNS NN NP;9
NN NN JJ NNS;9
NN NNS IN JJ;9
NN DT NP NP;8
NP JJ NN NN CD;8
NN VBN NP NP;8
JJ NNS NN CD;8
NP NP JJ NNS;8
CD NP CD JJ NP;8
NN NPS NN;8
NN NP NP CD NP;8
NN NNS JJ NP JJ;8
NN JJ NP NP NNS NP CD;8
NN NP NP NP NP NP CD NN NN;8
NN NP NP NP NP NP NN;8
NN VBG NP CD;8
NP NP NP IN NP JJ;8
NP NP IN NP NP CC NP;8
NN NNS JJ NP NP NP;8
JJ JJ NN NN JJ;8
NN NN NP NN CD;8
NP JJ NP NP;8
NN NN VBG NNS;8
VBG NN NNS;8
NP NP NN JJ;8
NP NP CD NP CD;8
NP NP IN DT NP;8
NP NPS NP IN NP NP;8
JJ JJ NN IN NP;8
NN CD NN NN NN;8
NP NP NP NN CD NP;8
NP JJ NP NN;8
NN DT CD NP NP NP;8
NP NP IN JJ NP;8
RB NP NP NP NP;8
NP NP NN CD NP;8
JJ NP NN NP NP;8
SYM CD NN CD NP NP;8
VBN NN NN NN;8
NP CD NN NP CD;8
NN NP NP IN NP NP;8
NN VBN NP CD;8
NP NN NP NN NN;8
NP CD NP NNS;8
JJ NN SYM;8
NNS NP CD NP;8
JJ NN IN NN CC NN;8
CD NP JJ NN;8
JJ NP CC NP NP;8
JJ NN NN IN NN;8
NN NP NP NN CD;8
JJ NN NN NN NNS;8
NN NN NN NP NP NP;8
NP NP NP NP CD NN;8
NP NP IN NP CD NN;8
JJR NP NP NP;8
NN NN NP NP NP NP NP;8
NP NP NP NP CD NP;8
NN NNS NP CD;7
JJ NP NP NP NP NP NP NP;7
MD NP NP NP;7
NN VBG NN CD;7
JJ VBG NN NN;7
JJ NN IN NP NP NP;7
JJ NN IN JJ NN NN;7
JJ NP NP PP;7
NP POS NP IN NP;7
NP CD NNS;7
NP NP NN CD CD;7
NN IN JJ NNS;7
NP JJ NP CD;7
JJ NN NNS NP CD;7
NP NN NN PP;7
NP NP NN NN NN NN;7
TO NP NP;7
NP NP CC NP NP NP;7
NNS DT CD NP NP;7
NP CD CD CD;7
NN NN CD NNS;7
NN VBD NN NN;7
JJ JJ NN IN JJ NN;7
NN TO NP;7
NN NN NN NN NNS;7
NP NP IN NPS;7
LS POS JJ NN;7
NN NPS NP;7
NN NP CD IN NP;7
NN IN NP NP NP NP CD;7
NP CC NP NP IN NP NP;7
NN NN DT CD NP;7
JJ NN NP NN NN;7
NNS NP NN;7
VB NN NN;7
NN CD NP NP NP NP;7
NN NP NP NP NN NN;7
NP NP NP CD NP NP;7
JJ NN NN NP CD;7
NN CD NP NP NPS;7
NN CD NP NP PP;7
VBD;7
FW NP;7
NN SYM NN NN;7
VBN JJ NP NP;7
JJ NP NN NP CD;7
NN NN NN NN JJ NN;7
NN : NN NN : NN;7
NP NP NP VBZ;7
CD CD NP NP;7
VB JJ NNS;7
NN JJ JJ NN NN;7
JJ JJ NN NN NNS;7
NN NN NN NN JJ;7
NP NN IN NN NNS;7
CD CD;7
NP NP DT CD NP CD;7
NP NP NP NP NP NP CD;7
NN NN IN NN NNS;7
NN VBD NN CD;7
NP NP NN NP CD;7
NN NN JJ CD;7
NP CC NP NP IN NP NN;7
JJ NN NN NN NN CD;7
NP CC NP NN IN NN NN;7
NN JJ NN NP CD NP NP;7
NP NP NP NN IN NN;7
JJ NP NP NN CD;7
NP NP CC NP NP IN NP;7
NN NN NNS NN;7
JJ NN NNS NN;7
NN IN NP NP CD;7
JJ NP NP JJ;6
NNS NP NP NP NP CD;6
NP NNS NN NN;6
JJ NN VBN NN;6
NN NP NP NN NN;6
CD JJ JJ NN NN;6
VBG JJ;6
JJ NP NP JJ NN;6
JJ NN JJ NP;6
JJ NP NP NP PP;6
NN NN NP NP NP CD;6
NN CD NPS;6
NNS CD NN NN;6
NP NN NPS SYM NP CD;6
JJ NP NN NN NN;6
JJ NN NN JJ NN NN;6
NN VBD;6
NNS NN NP;6
NN : JJ NN;6
NN NN NN CD NNS;6
NP NP NN CD NN;6
NN NP NP CD NN NP;6
NN POS NP NP;6
NN CD NN NP NP;6
NP POS '';6
NP NP NN NN NP;6
NN : NN NN NN;6
NN NN NP CD NN;6
JJ JJ NP NP NP;6
VBN NP NN;6
NP VBG NN;6
NP CC NP NPS;6
NN NN VBN NN CD;6
NP NP NP NP CD NN NN;6
NN NN NN NP NN;6
JJ CD NN;6
JJ NN JJ NN NP;6
NN NP NN NN NP;6
NN SYM NP NP;6
DT CD NP;6
VBG NP NP NN;6
NN NN JJ NN NP;6
JJ NN JJ NP NP NP;6
NP NP JJ JJ NN;6
NP NNS JJ;6
SYM JJ NN;6
NN IN NP NN;6
NP IN NP NP NP;6
CD NN CD NN;6
NN CC JJ NN NN;6
VBD NP NP NP;6
NP FW NP;6
JJ NN JJ NP NP;6
NP NN NP NN NP CD;6
NP JJ JJ NN NN;6
NP SYM CD NN;6
NPS NP NP;6
NP VBD NP;6
NN NN NN JJ NN NN;6
VB NP NP NP NP NP;6
NN DT CD;6
VBG DT;6
VBN NP NP NP NP NP;6
MD CD NN;6
JJ NN NPS;6
NN NP NP NP CD NP;6
NN NP NP IN CD;6
JJ NN VBG NN NN;6
NN NN DT NN NN;6
CD NP CD NN NN;6
NN JJ NP NN CD;6
CD JJ NP NP;6
NN NN IN JJ NNS;6
JJ JJ NNS NN;6
JJ JJ NN CC NN;6
NN IN JJ NN NN;6
VB NP CD NP NP NP;6
NN NN JJ NN NN NN;6
JJ NP NP NN NP;6
NP NP NN IN NN NNS;6
NP NP NP NP NP PP;6
NN CC NN NN;6
NN CD NP NN NN;6
NP NP NP CC NP NP;6
NN JJ JJ;6
NP NP IN NP NP NP NP;6
CD NP CD NP NP NP;6
NN VBG;6
NN NNS NP NP;6
NP CC NP NN IN NN;6
NN CC JJ NN;6
NP FW NP NP;6
NN NP NN NP NP NP;6
NN DT CD NN;6
NP NNS NN SYM CD;6
NN JJ NPS;6
NN NN NN VBG NN;6
NN CD JJ NNS;6
NP NP SYM NN;6
NNS NN IN NP;6
NP NP NP NN IN NN NN;6
NN CD IN NP;6
NNS JJ NP CD;6
VB NP CD NP;6
NP NP CC NN IN NP CD;6
NP NN NN NP NN;5
NNS CC NP NP;5
NP NN NN NN NN CD;5
JJ CC NP NP;5
VB NP NN NN;5
JJ NN NNS NN CD;5
RB NN;5
VBN CD;5
JJ NNS NNS;5
NN NN VBG NN NN;5
NN NPS NN NN;5
NP NP NPS NP CD;5
NN NNS IN NN;5
NP NPS NP NP;5
JJ NN JJ NP NN;5
NP JJ JJ JJ NN;5
NP CD CD CD CD;5
NN NN JJ NPS;5
NP CD NP CD NP;5
JJ NNS IN JJ;5
NP SYM CD;5
JJ NNS IN NNS;5
JJ NP NP NP NP NPS;5
NP NP NN IN NP;5
PP$ NP NP;5
NN CC NP NP NP;5
IN JJ;5
CD JJ JJ JJ NN;5
NN NP CD NN NN;5
NN NNS JJ NN NN;5
NN NP CC NP;5
NP NN CD NNS;5
JJ JJ NP NN NN;5
VBG NN NN NN;5
JJ NN VBG NNS;5
LS POS JJ NNS;5
JJ JJ NN JJ NN NN;5
NP NN NP NP NN;5
NNS JJ NP NP NP;5
NN NP NN CD NNS;5
NP NNS NP NP;5
NN DT NNS;5
NP NP NP NP IN NP NP NP;5
NP NP DT CD NP;5
JJ CC JJ NN;5
JJ NN VBG;5
RB CD NN;5
NP VBD JJ NN;5
SYM NP NN NP NP;5
NP NP POS NP NP NP;5
NP : NP;5
VB NP NP NP CD;5
NN : NN JJ;5
JJ NN JJ JJ NN;5
NP DT;5
CD NN CD NN NN;5
NP JJ NN NNS;5
JJ JJ NN NP NP;5
JJ NP NP NP IN NP;5
NN NN CD NN NN;5
NN NN NP NPS;5
NN NP NN NP NP;5
JJ NN NN NN JJ;5
NP NPS IN NP;5
NN NN : NN NN : NN;5
PP NN;5
NN NN NP NN NN;5
NN : NP;5
JJR NNS;5
NP CD NP NP NN;5
NP NP JJ NN CD;5
JJ NN CD NP;5
NP NN IN NN CD NN;5
NP POS NP NN;5
NP NN NN JJ NN;5
JJ JJ NN CC JJ NN;5
NN CD NN CD NN;5
NN CD NNS NP NP;5
NP POS JJ NN NN;5
JJ JJ NN IN DT NN;5
NN IN JJ JJ NN;5
DT NP NP NP;5
JJ NN NP NP NP NP NP;5
JJR NN;5
NP NP CD NNS;5
JJ JJ NN NN JJ NN;5
NP NP NP NN NNS;5
NN JJ JJ NNS;5
SYM NP JJ NPS;5
JJ NN IN NN CD;5
NN NNS NN NN NN;5
NN NP JJ;5
NP NN NPS SYM NNS;5
NN NP NP NP CD CD;5
NP IN NP NN;5
NN JJ NN NN CD NN NN;5
NN CD NN NNS;5
JJ JJ JJ NN NP;5
NN NP NP IN NP NN;5
NN VBG NNS;5
NP NP NP NP NP NP NP CD;5
NN NP FW NP;5
NN IN NP CC NP;5
NN NP NP CD NN;5
DT CD NN;5
NP NP CD IN NN;5
NP NN NPS NN;5
NN NP NP NP CD NN;5
SYM NP NP NP NP;5
CD CD CD NN NP;5
NN NP NN IN NN;5
NP NP NP CD IN NP;5
NP NN NN NP NP;5
NP NN IN NN NN NNS;5
NN NP NP NN NP CD;5
JJ NN JJ JJ;5
NN NP NP NP NP PP;5
VBN NP NP NP CD;5
SYM NP NP NN NPS;5
NP NP NP JJ NN NN;4
JJ NN NP CD NN;4
NP NN NN IN NN;4
NN NP NP NP NP NN;4
JJ CD NP;4
RB IN NP NP NP;4
NP NN NP NN CD;4
NP JJ CD;4
NP NP NP NP NP NP NP NP;4
JJ NP CC NP NP NP NP;4
JJ NP CD NP NP;4
NP CD JJ;4
NP VBD JJ;4
NN JJ NP NP NP NP;4
NN NP NP NP NP NP NPS;4
NNS JJ NN NN;4
CD NP NP NP NP NP NP;4
NP NP POS NNS;4
NN NN CD CD;4
VB PP NP NP;4
JJ NN VBG NN CD;4
NNS JJ NNS;4
JJ JJ NPS;4
VBG JJ NN NN;4
NN NP NN NP CD;4
NP NP NN NN JJ;4
NP POS NN NN NN;4
PP$ NN;4
NN CC NN NNS;4
JJ NP NN CD;4
CD NP NN NN;4
NN NN VBG NN CD;4
NP NN VBG NN;4
JJ NN IN JJ;4
NP CD POS NP NP;4
NN : NP NP;4
CD NN JJ NN NN;4
JJ JJ NP CD NP;4
NP NP DT;4
NN NN VB;4
NNS POS NP;4
NP NP CD CD NP;4
NP NP IN NP NP NPS;4
NP NP NP NN NP NP;4
JJ NN NN CD NNS;4
TO NP;4
NN VBD NP;4
NN NP NP NP NP NP NP NN;4
CD NP CD POS NN;4
JJ JJ JJ NN NN NN;4
NN CD '' NN NN;4
JJ NP CC NP;4
NN NP JJ NP CD;4
NNS IN JJ NNS;4
JJR JJ NN;4
NN NP NP NP PP;4
JJ NN IN JJ NP;4
CD JJ;4
NN NNS JJ NP;4
NN JJ NN NN JJ;4
NNS NN NP NP NP;4
NP NP SYM;4
JJ VBN NN;4
NP IN DT NP;4
CD NP NP NP NP NP;4
RB IN NP NP;4
NN IN NP NP NP NP;4
JJ VBP;4
DT NP NN;4
NN RB JJ NN;4
SYM CD NP NP;4
NNS NN IN NP NN;4
NN NPS NNS;4
NN NP POS NP;4
VBG NN PP;4
NN NN JJ NP NN;4
NP NP IN NP NP NN;4
JJ NN IN DT NP NP;4
JJ CC JJ NP NP;4
NP : NP NN;4
VB VBG NNS;4
NP CD POS NN NN;4
VBZ NN;4
NP NN NP NNS;4
NP POS NP NPS;4
NN VBN NP NP NP;4
VBG NN IN NN;4
JJ NN RB;4
NN NP CD NP CD;4
NN NN VBZ;4
NN : JJ;4
NN CC NN NN NN;4
NN NN NP NP NP NP CD NP;4
NN CD NP NP CD NP;4
NNS NN CD NP NP;4
NP JJ NN NN JJ;4
VB CD CD;4
NN NP NP SYM NN;4
NN NN CD NP CD;4
NN SYM NP NNS;4
VB NP JJ;4
JJ IN NP;4
SYM NN NPS;4
JJ JJ NN NP CD;4
JJ NNS IN NP;4
JJ NN IN DT NNS;4
JJ JJ JJ NN CD;4
NN NN NN NP JJ NN;4
JJR;4
VB $ CD DT;4
NN NN CC NN;4
VBG IN NP;4
CD NN NNS;4
JJ NN CC JJ NNS;4
NP NP NN NP NP NN;4
JJ JJ NN NP NN;4
NN NN NN IN NP;4
NP CC NP NP NN;4
JJ VBG NNS;4
NP NN IN JJ NN NN;4
CD NN NN NN NN;4
NP NN NN NP CD;4
NN CD NP NP NP CD;4
NP NP NN NN NN NP;4
NN NN : JJ NN;4
JJ NN : JJ NN;4
NP NP CD CD CD;4
JJ NP NP NP CD NP;4
NP VBD NN NN;4
JJ NN IN NN NN NP;4
JJ NN IN NN NN JJ;4
JJ NP JJ NN NN;4
NN IN NN NNS;4
NNS NN CD DT;4
NN CD NP CD;4
NN NNS IN JJ NN;4
JJ JJ JJ JJ NN NN;4
JJ JJ NN IN JJ JJ NN;4
VBG NP NP NP CD;4
NP NN IN JJ JJ NN;4
NNS NN NPS;4
JJ NN CC JJ NN NN;4
NP NP IN NP NPS;4
NP JJ NN JJ NN;4
RB IN DT NN;4
JJ JJ JJ JJ JJ NN;4
NN CD NN JJ CD NP;4
NN IN DT JJ NN;4
JJ JJ NN IN NN NN;4
JJ NNS IN JJ NN;4
JJ NN IN NN NNS;4
JJ NN IN JJ NN NNS;4
VBN NP IN NP;4
NN NP NN JJ;4
NN NP NN CD NP NP;4
JJ NN : NN NN;4
NN CD '' NN CD '' NN;4
NN VBG NP NP;4
JJ NP NN NP NP CD;4
NP NN IN NN NN NN;4
SYM NP CD NP NP;4
NN NN VBD JJ NN;4
NN VBG NN NP;4
SYM NP;4
NN NP NN NN JJ NN;4
NNS VBG IN NP NP NP;4
JJ NPS CC NP;4
NN NP JJ NN NN;4
NN NN DT;4
JJ NN NN NN PP;4
VB NN JJ;4
UH CD;4
NP CC NP NP CD IN NP NN;4
NP NN NP NP NP NP;4
NP NP NP CD IN NP NN;4
NNS NP CD CD;4
VBG NP NP NP NP;4
JJ NP NP IN NP NN;4
NN DT CD NN NP;4
NP NP NP CD NP NP NP;4
NP NP NN IN NNS;4
SYM CD NNS;4
NN NN IN JJ;4
NP NP NP NP CD CD;4
SYM NN NP NP;4
NP NP CC NP NN IN NN NN;4
NN NN IN NP NP NP;4
SYM NN NN NN;4
NNS NN NN NN;4
DT NP NP NP NP NP CD;4
NP NN CD NP;3
NP : NP NP;3
NP IN NP NP NP NP;3
JJ NNS JJ NN;3
NP NNS NN NNS;3
NP NP NN JJ NN;3
JJ NN NN IN NN NN;3
NNS CD DT;3
NN NP JJ NPS;3
NN NN JJ NN NN CD;3
SYM NN NP;3
NN CC JJ NP;3
JJ VBG NN CD;3
JJ NP NN NPS;3
NN NN JJ NN NP NN NN NN NN;3
JJ NN NN NN JJ NN;3
NP NP JJ NN NP;3
JJ NP NP NP NP NP PP;3
NN NN NP JJ;3
JJ NN NNS CD;3
JJ JJ NN VBG NN;3
NN NP CD NN CD;3
JJ NP NP NP CC NP NP;3
JJ NN NP NPS;3
VB NP CD NP NP;3
NN NN NP IN NP;3
JJ NN NN CD NN NN;3
NN NNS NN CD NN;3
NNS CC NNS IN JJ;3
JJ NNS DT CD NN;3
NN NN CD NP NP;3
NP POS NP NP CD;3
PP JJ;3
RB RB JJ;3
IN NP NP CD;3
NN NN : NN NNS;3
NN NP CD NNS;3
NP NP NP NP NP NN NN;3
JJ NP NP NP NP PP;3
NN DT NN CD;3
NN NP VBG NN;3
JJ JJ NP NN CD;3
NN NN NP CD CD;3
CC NP;3
NP VBG NN NN;3
JJ NP NP NP NP NP NN;3
PP NP;3
JJ NN NP NN NN CD;3
NP NP NPS CC NP;3
NN NP NP NP NN CD;3
NN CD NP NN NPS;3
NNS CC JJ NNS;3
NP NP CC NP NNS;3
JJ NN NNS JJ;3
NN NN NN NN CD NN NN;3
FW NP NP NP;3
NN NN NN DT NN;3
LS POS NP;3
VB DT NN NN;3
JJ NN VB;3
NP NP NP CD NP CD;3
NN JJ NN PP;3
NN IN NP NNS;3
NN VBN NN NN;3
VB JJ NN NN;3
NN NN NNS VBP;3
JJ TO NP NP;3
NN CD CD NP;3
JJ NP NPS NP CD;3
NN CC NNS;3
JJS NP NP;3
JJ JJ NP NPS;3
NP : NN NN;3
NP NP CD NP NP NP NP NP;3
NNS PP;3
NP NP NP CC NP NP NP;3
IN NP NPS;3
NN IN NP CD NP;3
NN NP JJ NN NN CD;3
NN NP JJ NP;3
NP IN NP NNS;3
NP VBD NNS NP;3
NP IN NP CC NP;3
NN IN NP NP CD NP;3
NP CD NP NN NP;3
NN NN NN NN PP;3
NN IN NP NP NNS;3
NP NP NN NN PP;3
JJ NN NN NN CD NN;3
NP NP NP POS NN;3
SYM JJ NPS;3
VB DT NN;3
CD NP NP NPS;3
JJ NN NP JJ NN;3
NP CD NN CD NP NP;3
NP JJ NN CD NNS;3
JJ NP NN CD NN;3
NN NP NN CD NP;3
NP NP NP CD NN NN;3
NN NN NN NN NN NN NN;3
MD NP NN;3
JJ NP NP NP NP CD NP CD;3
NN NN NP NP NP NP CD NN;3
VBG NP IN NP;3
JJ NP CC NP NP CD;3
NP NP IN NP CC NP;3
NN NP NP NP NP CD NP;3
NP VBD NP NP NP;3
NN NN NN NN NN NP;3
NP NN NPS SYM NP;3
CD NN NN CD;3
NP JJ JJ NP;3
NNS NN NP NP;3
JJ NP NP IN NP NP NP;3
JJ NP NN NN CD;3
JJ NN VBD JJ NN;3
NP NP JJ NN NN NN;3
VBG JJ NN CD;3
NN NN DT NN NN NN;3
FW NP NP;3
NP VBD;3
JJ NN : JJ;3
JJR NP;3
NN : NN : NN : NN : NN;3
NN NN VBD;3
NN VBD NP NP;3
NN : NN : NN NN;3
NN NN IN NP NP NP NP CD;3
JJ NN VBG NP CD;3
NN NN JJ NN NNS;3
NP NP CD CD CD CD;3
JJ VBG;3
NN NN : NN : NN;3
JJ NP JJ NNS;3
NN NPS NN NNS;3
JJ NN : NP NN;3
NN NP NP CC NP NP;3
NN NNS NN JJ NN;3
NP NP NP NP NP NP NP NP NP;3
NP NPS NP IN NP NN;3
NN VBG NN NNS;3
JJ NN IN NP NP NP NP;3
NN CD CD NN;3
NN IN NN CC NN;3
VBG NPS;3
NN NN NN CD NN NN;3
NP RB JJ;3
NN NN CD DT CD NP;3
JJ NN NN IN DT NN;3
NP NPS NN IN NN;3
NN NN DT CD NN;3
JJ NN JJ NN NNS;3
NP NN NN IN DT NN;3
NN NN NP NP NPS;3
JJ NN CC NN NN NN;3
NP JJ NN NN NP;3
NP CC JJ NN;3
NP JJ JJ;3
NNS IN NN NNS;3
NN JJ CD NN;3
JJ JJ NN NN NN NP;3
NN NN VBG NP CD;3
NN NP NN NP NP CD;3
NP CD NP NP NPS;3
NN IN JJ NP CD;3
NP NN DT NN;3
NNS IN NPS;3
JJR NP NP NP NP;3
NN NP NN NPS;3
NP NN NPS NP;3
JJ NNS CC JJ NN;3
JJ NN NP CD CD;3
NN NP NP NP NP NN NN;3
NN NP NP CD CD;3
NP NP NP NP CD NP NP;3
NP NP NPS NP NP;3
JJ NN CC JJ JJ NN;3
VB NN NNS;3
NN JJ NN NP CD;3
NP CC NP NP NP NP NP;3
JJ NP NP CD NN;3
SYM RB CD NPS;3
NP CC JJ JJ NN;3
RB NP NP NP NP NP;3
NP CD SYM;3
JJ NN IN JJ JJ NN;3
NN NN NN JJ JJ NN;3
JJ NN NN CC JJ NN;3
NNS NP NP NP NP;3
NP POS JJ JJ NN;3
NP NPS NP NP NP NP;3
JJ VBG NN NN CD;3
NN CD NP NNS;3
NN JJ NP CD NP NP;3
VBN CD NN;3
JJ NP IN DT NP;3
NP NP CC NP NPS;3
NNS NP NP NNS;3
NP NP NP NP NN NN;3
NNS NP NP NP NP CD NP;3
JJ NNS IN JJ NNS;3
RB CD NPS;3
JJ NN VBN IN JJ NN;3
NP VBD NN CD;3
NNS NP NP NN;3
NN JJ NN CD CD;3
NP NP NP NN NP CD;3
VBN NN JJ NN NN;3
NP : NN;3
VB NP CD NN;3
NN NP NN CD NN NP;3
NN NN IN JJ JJ NN;3
JJ NN IN JJ JJ NNS;3
NP IN NN;3
JJ NP NP POS NP;3
JJ NP NP CD NP;3
VBG NP NN;3
VBN NN NN NN NN;3
VBN VBD JJ NN;3
NN SYM NP NP NP;3
NN VBG JJ NN;3
NN NP IN NP NP;3
NP NP NN IN DT NP;3
VB DT CD NP NP;3
NN PP VBZ;3
LS POS NP NP NP;3
NP NP NN NN NP NN;3
NP POS NP NP NP CD;3
NN NN NP SYM CD;3
NP JJ VBG NN;3
NN NP NN NN CD;3
CD NP NP CD NN NN;3
NP NP JJ NP CD;3
NP JJ JJ NNS;3
NN CD IN NN;3
VBN NP NP NPS;3
NNS CC NP NP IN NP;3
VBN NN NP;3
NNS VBG IN NP NP NP NP;3
JJ IN NP NP;3
NN NN NN VBG NN CD;3
NNS NN CD NP;3
JJ JJ CD NN NN;3
JJ NN IN NP CC NP;3
NP CD NP NP CD;3
DT CD NNS;3
NP JJ NN VBG NN NN;3
NP DT JJ NN;3
NN JJ NN NN IN NN;3
NN NN IN NP CD;3
VBN NP NNS;3
JJ NP NP NPS NP;3
NP NN NN JJ CD;3
VBG NP NP NN CD NP NP NP;3
JJ NP DT NN;3
NP NP NP CD IN NN NN;3
NN DT NP NP NP;3
NP NP CC NP NP IN NP NP;3
NP NP NP CD CD CD;3
SYM NP NP CD;3
NN NN NN IN NP NP;3
NP NP NP NP CD IN NP;3
CD CD CD NP;3
JJ NP CD IN NN;3
NN NP NP NP JJ;3
JJ NP CD NN NN NN;3
NP NP NN NN CD;3
JJ NN NN DT NN;3
NN NP CC NP NP;3
CD NP NP NP CD NN NN;3
NP NP NP NN CD NN;3
NN NN IN NN NN NN;3
NN NP NN IN NN NN;3
NP NP CC NP NN IN NN;3
JJ JJ NN NN NN CD;3
NN CD DT NN;3
VB NP NP NN NP;3
NNS CC NP NP IN NP NP;3
NNS NP NP IN NP NP;3
NN JJ NP NPS;3
JJ NN JJ CD NN;3
VBN NN NP NP;3
NP CD NN NP NP;3
NN RB NP;2
NP NNS NP NN NN;2
JJ NP JJ NP NP;2
NP DT CD NNS;2
NN DT CD CD CD;2
NP NNS NN PP;2
NN NN NP NN NP;2
NN JJ NN NN NP;2
NN CD NP NP NP NP NP;2
SYM DT CD NN;2
SYM DT CD CD NP NP;2
MD NP CD CD;2
VB VBG NN;2
JJ NP NP DT CD NP CD;2
NN NP NP CD DT;2
JJ NP NP NN NN;2
NN JJ NP NP CD NP NP;2
NNS NP CD NP NN;2
NNS NP CD NP NP;2
NN NN VBN NN NN;2
NN RB POS NN;2
NN CD NNS NN;2
DT CD NN NN;2
NN JJ NN NP CD CD;2
JJ NN JJ NP NP CD NP NP;2
NP NPS CD;2
NN DT JJ NN NN;2
NN DT CD NP CD;2
JJ NP IN NPS;2
NP POS NN NN NN NP;2
JJ JJ JJ NN IN NN NN;2
NN TO NNS;2
RB NP NNS;2
NN JJ NP CD NP;2
VB VB;2
NNS CC NN;2
JJ NP NP POS NN;2
NN JJ NN NN NN CD;2
JJ NN VBG JJ NN;2
NP NP JJ NP NN;2
JJ VBP CD;2
NNS IN JJ NP;2
UH CD NP;2
NNS IN DT NN;2
NN NPS NN NP;2
NN NN NNS NP CD;2
NP NP IN DT NP NP;2
NP NP IN NP NP CC NP NP;2
NN NN IN NP NP NP NP;2
SYM NP NNS JJ;2
NP POS NN NN NN NN NN;2
NP NP NP NP JJ NN;2
VBN NP CD;2
NP NP NP IN PP$;2
SYM NNS NPS;2
VBG NN IN NP;2
FW NN NP;2
NP NP IN NP CC NP CC NP NPS;2
FW NN NN;2
NN TO NN;2
NP NP NP NP CD NN NP;2
NN NN JJ NP NP;2
NN NN CD CD NN NN;2
NP NP NP NN NP NP NP;2
JJ JJ JJ NP NN;2
NNS DT CD NP NN;2
NP NPS NP NP NP NP NP;2
NN IN NN NN NN;2
NP NPS NP NP CC NP NP;2
NP NP TO NP;2
NN NP NP NP NP NP NP CD;2
NN NN DT NP NP;2
NN NN VBD NN NN;2
NP NN CD NP NN CD NP NN CD NP;2
LS POS NN NN;2
NN NNS IN NP NP;2
NNS VBD NNS;2
JJ NP NN NP NN;2
JJ NN NN NN NN NN NN NN;2
NN NN JJ JJ NN NN;2
JJ JJ NN CD NNS;2
NP NPS NP NP IN NP NP;2
VBN JJ NNS IN JJ;2
NN VBD JJ;2
DT NP NP NP NP;2
NN IN NP NP NP NN;2
NN NN NN NPS;2
NPS NP IN NP NP;2
NP NP IN NP CC NP NP;2
NN NN DT NNS;2
JJ NP CC NP NPS;2
JJ JJ NN CD NN;2
JJ NN JJ JJ JJ NN;2
NN SYM NN NN NN;2
NP NP NP NN NN NN;2
NN JJ NN NN CD NN;2
VB NN CD;2
NN IN NP VBG CD;2
JJR NP NN;2
JJ NNS CD;2
NN NN NN NP NN CD;2
JJ VBG NN VBG NN;2
MD NN;2
VBG NN IN NN NN;2
VBD CD;2
NP NN IN NP JJ NN;2
JJ NN NN NP NN NN;2
JJ NN NP NN CD;2
CD NN CD NN NP NP;2
VB JJ JJ NN;2
JJ NN NN NN NN NN CD;2
NN JJ NN NN CD NP NN NN;2
JJ JJ NN NN NN NN NN;2
JJ NN NP NN NN NN;2
NN CD JJ JJ NN;2
NN JJ NP NN NN;2
CD NP CD NP NP NN;2
NP NP CD NP NN;2
NNS IN NNS;2
JJ JJ JJ NN NN CD;2
NNS VBP CD;2
NN NN JJ NN PP;2
NN NNS NPS;2
JJ JJ NN NN NN JJ;2
NN NNS CC NNS;2
NN IN CD;2
NN NP NP JJ NN NN;2
JJ JJ JJ NN NN NN NN;2
VBG PP;2
VBG NN NN NN NN;2
JJ JJ NP JJ NN;2
CD NP CD;2
JJ NP NN NN NN NN NN;2
NP NN NN CD NN;2
CD NP CD NN CD NN;2
RB JJ NN NN;2
NP VBD NN;2
JJ NN SYM NN NN;2
NN VBG NN NN NN;2
NP NP JJ NP NP;2
NP CC NP NNS;2
JJ NN TO NP;2
NP NP NN NP NN NN;2
RB JJ NN NNS;2
NN JJ NN VBG NN;2
VBN NP JJ NN;2
VBN IN NP NP;2
JJ NP NN CD NP;2
NN RB JJ;2
NN IN NP NP NP NP NP CD;2
VBN NN NN NN CD;2
NN CD NN NP NP NP NP;2
JJ NN NP NP CD;2
NP NP IN NP NNS;2
NPS NP NPS;2
VB NP IN NP;2
NP NP NP NP NP CD CD CD;2
CC NP NPS;2
JJR NPS;2
NP NP CD CD JJ CD CD;2
VB NP POS NP;2
NP NP NP JJ NP;2
NP DT NN;2
NP NN NPS NNS;2
NNS TO NP;2
NN NP POS;2
JJR RB NP;2
NP NP VBG;2
JJ NN SYM JJ JJ NN;2
CC NNS;2
CD NN NP NP NP NP;2
JJ JJ JJ NP NN NN;2
NN NN DT JJ NN;2
PP$ CD NP NN NP;2
NP NPS CC NP;2
SYM NN CD;2
SYM NN NN NP;2
JJ NN NP POS NN;2
NN JJ NN NN CD NN JJ;2
NN NP NN CD NN;2
NP NPS IN DT NP;2
NN NP NP NP NP CD CD;2
IN NP NNS;2
NN NN VBN NN;2
RB NP NPS;2
JJ NP NP VBZ;2
NN JJ NN NN CD NN NP;2
NNS NP CD NN;2
VBD NN NN;2
NN NP NP CD NP NP;2
JJR NN NN;2
NNS IN NP NP NPS;2
NN JJ NN NN NP NP;2
NN NN JJ NN JJ NN;2
NN NN VBD NN;2
NNS JJ NN CD;2
CD JJ NN NN CD;2
VBN NN JJ;2
JJ CC NP NPS;2
NN JJ NN NN NN NP;2
NNS IN DT NP NP;2
JJ CC JJ NN NN;2
NN IN JJ NP;2
NN NN NP JJ NN;2
NP IN DT NN;2
JJ NN NP NP PP;2
NN NP NP IN NP NP CD;2
VB CD NN NN;2
VBG NN NP;2
VBP;2
NP NP NN PP;2
MD NP NP NP NP;2
VB NP NP NP NN;2
IN NP NP NPS;2
NN NP NP NP NP IN CD NP;2
NP NN CD NN NP;2
CD NP NP CD;2
NN NN JJ NN JJ;2
NN NNS JJ NP NP;2
NP NP VBG NP;2
NP NP SYM NN NN;2
NP NP NP TO NP;2
VBD NNS;2
NP NP NP TO NP NP;2
NP NN VBN NP CD;2
NP CD NP NN NN;2
VBN IN NP NP NP;2
VBN JJ JJ NN NN;2
NN : NNS;2
NN JJ NN NN CD NN NN NP;2
VBG NP NP NPS;2
PP NN NN NN NN;2
JJ JJ NN JJ NN CD;2
NP NP NP CD DT;2
RB IN NP NPS NP;2
CD JJ NP NP NP;2
NN NN CC NP NP NP;2
NP CD JJ NNS;2
JJ NN NN NN NN NN NN;2
NN CD NP CD NP;2
JJ : NN NN;2
NNS NP CD NP CD NP;2
NN NP NN NN NNS;2
NN NN : NN : NN NN : NN;2
VB VBG;2
NN NN NP NP NP NP CD DT;2
NNS NP NP NP NP CD NN;2
CD NN NP CD NN JJ CD CD;2
NP NP NNS CD;2
IN DT NP NPS;2
CD NN NN NNS;2
NP POS CD NN;2
SYM JJ CD NPS;2
LS JJ CD NPS;2
NN IN NN JJ;2
JJ NN IN CC IN JJ NN;2
JJ NN IN JJ NN NN NN;2
NN NN NN IN NN;2
NN IN JJ JJ NNS;2
JJ JJ NN IN JJ NNS;2
JJ JJ CC JJ NN;2
JJ NNS CC NN NN;2
JJ JJ JJ NN IN NP;2
NN CC JJ JJ NP CD;2
JJ NN CD NN NN;2
RB IN JJ NN;2
JJ NN JJ CD;2
PP$ VBG NN;2
NP IN NP CC NP NP;2
JJ NN IN NN IN NNS CC NNS;2
JJ NN VBG NN NN NN;2
NP VBZ TO;2
NN NN VBG JJ NN;2
NN CD NP NN CD;2
JJ JJ JJ NN IN JJ NNS;2
UH;2
VBD NP;2
TO NP NP NP;2
NP NP NN VBG NN;2
NN VBD NP NN NN;2
NN JJ JJ JJ;2
NP VBD NN NP;2
JJ JJ NN JJ NN JJ;2
JJ JJ JJ NP JJ NN;2
JJ NN VBD NN NN NN;2
JJ NN NN NN IN DT NN;2
NNS CD CD CD;2
JJ NN IN JJ NN CC NN NN;2
CD NN NP CD NN NN;2
JJ JJ JJ NN IN JJ NN;2
NP IN NP NPS;2
NN NN JJ JJ NN;2
CD CD NP;2
NP NNS NN CD;2
NNS IN JJ JJ NNS;2
NPS CC NP;2
JJ NN JJ TO NP NP;2
NPS CC NP NPS;2
NN DT CD NN NP NP;2
NN DT NPS;2
NN CD NN NN NNS;2
RB JJ NP NP NP;2
NN CC NP NP NPS;2
NP NP CD NP NNS;2
NP NP NP NN DT CD NN;2
NP NN NP JJ NN;2
NP IN NP NP CC NP;2
VB VBG NN CD;2
VB NP JJ NN;2
JJ NPS CC NPS;2
VBG JJ NP NN;2
JJ NN NN IN JJR NNS;2
JJ NN VBN IN NN;2
JJ JJ NN SYM;2
NP NP CD NN NP NP NP;2
NNS NN JJ;2
JJ JJ NN IN DT NN NNS;2
NN DT CD NP NP CD;2
NP NP CC JJ NN;2
JJ NN JJ JJ NNS;2
VBN JJ NP CD NP;2
NN JJ CD NN NN;2
NP NN JJ NN NN CD;2
NP NN DT NP CD CD;2
NN CD '' NP NP;2
JJ NN JJ TO JJ NN;2
NP JJ NN JJ NNS;2
RB VB;2
NN NP CD NP CD NP;2
NP NP IN NP IN NP NP NP;2
JJ NN NN NNS NN;2
NN JJ NN JJ NNS;2
JJ NN NP NP NN NN;2
JJ JJ NN IN JJ JJ NNS;2
NN SYM JJ NN;2
NP NP CD NN CD;2
CD JJ JJ NNS;2
JJ NN IN NP NP CC NP;2
NNS CD JJ NP NP;2
JJ NN : NN : NN;2
NP NP CD JJ NP CD;2
NP NN NN NN PP;2
NN CD NN JJ NN;2
NN JJ NN JJ NN NN;2
NP NP NP NP NP NP NN;2
NN NN CD CD CD NNS;2
VBN NP CD NN;2
NN IN JJ CC JJ NNS;2
NN NN CC NP NP;2
JJ NN NN NN CC JJ NN;2
DT NN NP;2
JJ TO NP NP NP;2
NNS NP CD CD NN;2
NN JJ NNS NN;2
NN CC JJ NNS;2
NP NN RB;2
NN NP NP NP NP NP CD CD CD;2
NN NP IN CD;2
NP FW NP NP NP;2
NN DT CD NP CD NP;2
NN DT NP CD;2
NN NP CD IN CD NP;2
CD NPS;2
NP NN CD IN NN NNS;2
NN NP : NN NN : NN NN;2
NP NP NP NP CC NP;2
NN NP CD NP NN;2
NN SYM NNS;2
NP NP JJ NN JJ NNS;2
JJ NP NNS CD CD;2
VBZ NP IN NP;2
NN NN NNS CC NNS;2
NP NP IN DT NN;2
NN JJ NN IN JJ NN;2
NP NP NNS NN;2
JJ JJ NN CC NN NN NN;2
NN NN NN NN IN NP;2
VBG NP NP JJ NN;2
NN NN IN JJ JJ NNS;2
JJ VBP JJ;2
JJ JJ NP NP NP NN;2
JJ NN VBN IN NP NN;2
VBN JJ NP NP NP;2
NP NP NP CD NP NNS;2
NN NP JJ CD NP;2
NP CD NN CD NP NP NP NP NN NN;2
NN NP POS NN;2
NN : JJ NN : NN;2
RB VBN NN IN DT JJ NNS;2
NN NN IN JJ NN NN;2
JJ NN NNS VBN IN JJ NN;2
JJ JJ NN IN NP NN;2
JJ JJ NN CC JJ JJ NNS;2
NP POS NN IN NP NN;2
JJ NN NP NP NP NN;2
JJ NN VBD JJ CD;2
NP JJ NN IN JJ NN;2
RB IN NP;2
JJ NN IN JJ NN CC NN;2
JJ JJ NNS CD;2
JJ JJ JJ NNS NN;2
JJS NN;2
NP NPS NN IN NN NN;2
NN JJ : NN;2
NP NN NP SYM NP;2
CD NN NN NN CD NN;2
NN IN NN NP;2
JJ NN JJ TO NN NN;2
JJ JJ NN IN NN CD;2
NP JJ NN JJ NN NN;2
NN VBN NN CD;2
JJ NP NN JJ;2
VBZ NP NP NN;2
JJ NN IN DT JJ JJ NN;2
JJ JJ JJ NN IN NN;2
NP JJ NN NP NP;2
NNS NN CD JJ;2
JJ NN IN NN NN CC NN;2
NN NNS IN NN IN NN;2
NN NN JJ VBG NN;2
NP NP NP NN JJ;2
NP NN NNS NN CD;2
NN NN VBN IN NN IN DT NN CD NN;2
NN CC NP NP NP NN;2
NNS NNS NP;2
JJ NP NP NP NN NP;2
NN : JJ JJ NN NN;2
NN : NN NN : NN NN;2
NP NP CC NP NN;2
NN NN NN IN JJ NN;2
RB VBN NN;2
NN JJ TO NN NN JJ NN;2
NP NN NNS NN;2
NN NN VBN IN NN IN DT NN NN;2
JJ NN NN JJ NN CD;2
CD NP NP NP NN;2
CD NP NP NN NN;2
NP CD POS NP NP NP;2
JJ JJ JJ JJ NNS;2
JJ NP NP JJ NP;2
NN JJ NN JJ NN;2
VBN JJ NN NP NP;2
VBG CC NP;2
RB CD NP NP NP;2
NN NP NP NN NP NPS;2
NN NP NP NN NPS;2
NN NP NP JJ NP NPS;2
NN NP NP JJ NPS;2
NN : JJ JJ NN;2
NN IN NN CD;2
NP NP NP NPS NP NP;2
NP NP NN NP NN;2
JJ NP IN NP CD;2
NP POS JJ NNS;2
VBN NP POS NN;2
VBN JJ NP CD NP CD NP;2
NN TO NP NP NP;2
NP NP CC NP NP CD;2
NN NN VBG NN NNS;2
NN NP CD NP CD DT;2
NN NN VBN NP CD;2
JJ NP NP JJ NP CD;2
JJ NN NP NP NP CD;2
NN DT NN NP NPS;2
NP VBZ JJ NN CD;2
JJ NN DT;2
NN NP FW NP NP;2
NP NP NN IN DT NNS;2
NP NP NN IN NP NN;2
VBG NP NPS;2
JJ NN IN NN NN JJ TO NN NN NN CD;2
NP CD NPS;2
NN NN : NN NN NN;2
NP NP POS NP NP;2
NN VBD NN NN NN;2
NN IN NP NN NN;2
NP CC NP NP NPS;2
NP NNS NPS;2
CC NN;2
RB VBG NP NP;2
NN SYM JJ JJ NN;2
NP DT CD NN;2
JJ JJ CC JJ NN NN;2
JJ CD NP NP;2
NN DT NN JJ;2
NN NNS IN NP;2
NN NNS NN NN CD NNS;2
NN NNS NN NN CD NN;2
NP NP CC NP NP NN;2
NP NP CC NP JJ NN;2
NN NN VBN IN NN NN;2
NP NP PP NP CD;2
CD NP NP CD NN;2
VBN VBG NP;2
NN IN NP NP PP;2
JJ NP RB CD;2
JJ NP NP CC NPS;2
NN VBG NP NNS NN NP;2
VBN NN IN NP;2
RB JJ NP CD;2
NNS NN NP NN CD;2
NNS NP NN NN;2
NN SYM POS;2
CD JJ NP NP CD;2
CD CD NN;2
CD NN NP CD NN NP CD CD;2
LS POS CD POS NNS;2
LS POS CD POS NN;2
VB NNS;2
NN DT NP;2
JJ JJ NP NP NP DT NN;2
JJ JJ NN DT NN;2
JJ NN RB NP;2
NN IN DT NP NPS;2
VB CD NP NP NP;2
NN VBG NP NP NP;2
VBG NN NN NP;2
NP NP JJ NN IN NN;2
NN NN CD NN CD NN;2
JJ NN NN NP NP CD;2
NN JJ NN NN NNS;2
NN NN POS;2
NN NP SYM NN;2
NNS JJ NP NN;2
NN CD NN CD;2
NN IN NP NP NP CD;2
VB JJ NP;2
NP CD NP NP NP NP NP;2
NP NNS NN NP;2
JJ JJ NN IN NP NP;2
PP$ NP NP NP CD;2
JJ NNS NP NP;2
NNS CC NN NNS;2
NNS JJ NP CD NP;2
NN NN NN NN NN JJ;2
NNS NP NP IN NP;2
JJ NP NP NP NP NP NP CD;2
NN NN NP CD NP NP;2
NN NN NP NP NP PP;2
NP NP CD IN NN NN;2
NN NN NN NN NN CD;2
NP CD NN NN NN;2
JJ NP NP NP NP NP NP PP;2
NP NP NP NP CD NN CD;2
NNS NP NP NP NP CD DT;2
NP NN NPS NP NP;2
VBG JJ NP;2
JJR NN IN NP;2
NPS NPS;2
SYM NP NP NP NP CD;2
SYM DT CD NN NN;2
NN NN JJ NN NN NP;2
NN NNS NN NN CD;2
NN VBP;2
NP NP NP NP CD IN NP NP;2
NNS IN NP NP NP;2
NN NN CD CD CD;2
RB TO NP;2
JJ NP NPS NN;2
RB NN NN;2
NN JJ JJ NN NP;2
NP CD PP;2
NNS VBG NNS;2
NP CD CD DT;2
NP CD JJ NN NN;2
VB PP NN;2
NN JJ NN NN NN NN;2
RB NP IN NP;2
TO VB IN NN NN;2
NN NN NN CD IN NP;2
NN JJ NP NP NP NP NP;2
NN NP JJ NP NP;2
JJ JJ NN NN IN NN;2
NN JJ IN NN NP;2
NN NN IN NN NP;2
NNS NP NP CD NP NP;2
NP NP IN NP NN NN NN;2
NNS JJ NN NN CD;2
NN NN DT JJ NN CD;2
NP NP NP CD NN CD;2
NN NN DT CD NNS;2
NP NN IN JJ;2
NN CD JJ NN NNS;2
NN NN NNS JJ NP;2
JJ : NN;2
NNS CC NN NN;2
NP NP NN IN NN JJ;2
NP NP NP NN IN JJ NN;2
NN NN IN NN NN NN NN;2
NP NN IN JJ NN NP NP;2
NP NP NN IN NN NN NN;2
NP NP NP IN DT NP;2
VBG NP CD;2
NP JJ NP NP NP;2
NN NP CD NP CD NN;2
NP NP CC NP NN IN NP;2
NP NN NN IN NN NN;2
NP NN IN NP NNS;2
MD NN IN NN NN;2
JJ NN CD IN NN NNS;2
NN DT JJ NN NN NN;2
NP NP CC NN IN NP NP;2
NP NP NPS NP CD IN NP NP;2
NP NN IN NN CD;2
FW NP NPS;2
VB NP NP NP NPS;2
VB NP JJ NP NP;2
NNS CD NN JJ NP;2
VBG NP IN NP IN NP;2
NNS CD NNS NP NP;2
JJ NP CD NN NN;2
NN IN;2
NP NP IN CD NP;2
NP NP IN JJ;2
NN IN NN CD NP;2
JJ NP NP NP NP NP NN NP;2
NP NN PP VBD NN NP;2
NP NP CC NP NP CD IN NP;2
NP NP NP NP NP CD NP;2
NP NP CD IN JJ NN;2
NNS NN IN NP NP;2
NP NN NN NP NP CD;2
JJ NP NN VBG NP CD;2
NP NN NP SYM VBG CD;2
NP NN NPS SYM RB CD;2
VBG NN NP CD NN NP;2
JJ NP NN NP NP NP NP;2
NN NNS NP NP NP NPS;2
NN NNS NN NP NPS;2
NP NP NP CD IN NN;2
NP NN NN NP NP NP;2
SYM NP CD NP NN NP;2
SYM RB CD NP;2
NN NN NN IN NP NN;2
VB NN JJ NN;2
NNS IN NP NP CD;2
NN NN NN NP NN NP NP;2
NN NN NP NN NP NP;2
JJR NP NP CD;2
NP NP IN NP CD;2
NN NN NN IN NN NN;2
NN NN CD IN NN;2
NN DT NP NP PP;1
NP POS NPS;1
CD NP NP JJ NN;1
JJ NP NN NP CD CD;1
NP NP CD CD NP NP;1
VB NP CD NN CD NNS;1
VB NP CD NN CD NNS JJ NP;1
NNS NN NNS;1
JJ NNS VBG NN;1
JJ NN NP NN NP;1
NP CC NPS;1
CD NP CD NN CD CD;1
JJ NP NNS CD;1
TO JJ NN;1
NP NN NN NN NN NN;1
JJ NP NP CC NP NP;1
NN NN NN NP NP CD;1
JJ NP NP CD NN JJR NNS;1
NP NN NP NN NN NP;1
NN NP CD DT;1
NP CD NN NNS CD CD;1
NN IN NP CC NP NPS;1
NN NN NN POS '';1
NP NN NP NN NN NN;1
NP RB VBD JJ NN;1
JJ NN NP CD CD CD;1
FW NN PP;1
CD CD NP NP CD;1
NN DT CD NN NP NP NP;1
FW NN CD;1
NN CD NN NP JJ NP;1
VB CD JJ NN;1
JJ NN NP NP NP PP;1
NNS NN CD NN CD;1
NP NP CD NP NP NP NN;1
JJ NN NN CD NP NN NN;1
MD CD CD NP;1
NN NP NP NN CD CD;1
NN NP NN CD CD;1
VB DT CD NN NN;1
JJ VBN NN JJ NN;1
NNS NP NP CD NP NP CD;1
JJ VBN JJ NN;1
VBZ DT CD CD CD;1
JJ NP NP CD CD;1
VB NP CD NP CD NP NP NP;1
VB NP PP;1
SYM CD DT JJ NN CD NP;1
NN JJ NP CD CD NP;1
NNS CD JJ NP;1
VB VBG NN NN;1
JJ JJ NNS VBP;1
VBG TO VB;1
NN NN VBN NN JJ;1
NP NP CD CD CD CD NP;1
NP NP NN CD NN NP NP;1
RB RB;1
NN NN NN VBG CD NN;1
JJ NN NNS JJ NP NP NP;1
SYM DT CD NN CD NN;1
NP NP POS '';1
VB DT CD DT NN;1
NN NP NP NP NNS;1
NNS NP IN NP;1
NN NP NP CC NN NNS;1
MD PP NP CD;1
NP CD CD CD NN;1
JJ NP NP NP JJ;1
NP CD CD CD CD NN CD;1
NN NN NP CD NP NP NP;1
NN NN NN DT CD NP CD;1
NN NP NN NP CD CD;1
JJ NN IN VBN NN NNS;1
NP NP NN JJ NN CD;1
VBD NP NP NP NP;1
NP NP NP NP NP NP CD CD JJ CD CD;1
NN NN CD NN NN NP;1
NP NN DT CD NP NP NP;1
CD NP CD POS NN NN;1
NNS JJ NP NN CD;1
JJ NP DT CD NN;1
JJ NP CD NP CD;1
VB NP NP NP NP NP CD;1
NN NNS NP CD NP NP;1
NN NP NP NP CD CD NP;1
NN JJ JJ NP;1
NN NN $ CD DT;1
NP NP NP NP NP NP CD NP CD;1
SYM NP CD NP NP NP;1
NN CD CD NP NP NP;1
NP NN CD CD CD;1
CD NP CD NP NN;1
JJ NN DT NN NN NN;1
NP NNS CD CD;1
JJ NP CD CD NN NP NP;1
NP NP NP NP CD CD NN;1
JJ NNS DT CD NN JJR NNS;1
NP CD NN CD NN CD CD;1
NP NP NP NP CD CD CD CD;1
JJ JJ NP NP DT NN;1
NP NP CD CD CD NN;1
VB $ CD DT NP NP;1
NN NP NP NN CD NN;1
NN NP NP NP NP NP PP;1
NN CD CD NP NP NN;1
NN CD NN CD NP;1
NNS VBD NN NP;1
UH NP CD;1
NP NP CD NP CD NP NP NP;1
MD NP CD;1
VBN NNS NN CD NN;1
CD NP CD NN NP;1
NP NP CD CD JJ CD CD CD CD NN;1
NN NN NN NN CD NN;1
JJ NNS VBG;1
JJ NNS NP NP NP;1
NP NN DT NP NP NP NP;1
NN NP NP NN CD NP;1
SYM DT CD NNS;1
JJ NN DT NP CD CD;1
NN NN CD NP NN;1
NN NN NP NP NP NP CC NP;1
NN CD NP NP CC NP NP;1
NNS NN JJ NP;1
DT;1
TO;1
NN NP NN NN NN NN NN;1
SYM DT NN;1
NN DT CD NP NP NP NPS;1
NN VBP NN NN;1
VBG CC NN IN JJ;1
NN IN JJ NN NN CD;1
CD NP CD NP NP NP CD NN NP NP;1
CD NP CD JJ NP NN;1
RB NP NP NNS;1
CD NP CD NP CD NP;1
CD NP NN NP NP CD NN NN;1
NN NP NP NN IN NP;1
JJ NN RB POS NN;1
CD JJ NP CD JJ NNS;1
JJ NP NP JJ JJ NN NP NP;1
VBN NPS NP;1
LS POS NP NN;1
CD NN NP CD NP;1
NP NPS NP IN NP NP NP NP;1
JJ CD '' PP CC NP;1
NP NNS VBP CD NP;1
NN NP NP NP NP NP NP JJ NN;1
NN NP CD NP CD NP NP NP;1
NN NP NP NP NP NP JJ;1
NN NP NP NP CD NN NP NP;1
CD JJ NN NN NN;1
NP NP DT NN NN;1
VBN IN JJ JJ NP CD NP;1
JJ NN NN NN NN NN NN NN NN;1
NP NN VBP NN;1
TO JJ NNS;1
CC NN NNS;1
NP CD VBD;1
NN NP CD JJ NNS;1
JJ JJ NP NP NP NP;1
JJ NN JJ NP NP NP NP;1
JJ NNS IN NP NP;1
NP NPS IN NP IN NP;1
NN CD NN CD NNS;1
JJ NNS POS NNS;1
NP NN CD NP NP;1
JJ JJ JJ JJ NN NP;1
NNS DT CD NN;1
JJ VB;1
JJ CC NP NP NNS;1
NP NN CD NP CD NP;1
JJ NNS IN NN;1
JJ NP NP NN NP NP NP;1
JJ NN NN NN NN NN NP NN NN;1
CD NN NN JJ NN;1
NN NP NN NN JJ;1
VBN DT NNS;1
JJ NN NP NP NPS;1
JJ NP CC NPS;1
NP NN NP NP IN CD NN;1
NN NP NP VBD NN;1
NNS DT CD NP NNS;1
RB NP NP NN NN NP NP;1
NP NP IN NP CC NP NPS;1
JJ NP NP NP NN NP NN NP NP;1
VB DT;1
NPS CC NPS;1
NP VBD JJ CD;1
TO NN;1
NP NPS NPS IN NP CC NP NPS;1
NN CC VBG NN;1
NNS NN CD NP CD;1
NP NP NP NP NP CD NP NP;1
NN NN POS '';1
NN JJ JJ NP NP NP NP;1
VBG NN NN NN NNS NN NP;1
JJ NN NP NP NP NP NN NN NN;1
NNS VBG DT;1
NN JJ NP NPS CC NP;1
JJ NP TO NP;1
NP NP IN CD NN;1
NP CD NN JJ;1
NN CD NNS DT CD;1
NN JJ NN NP NP;1
NP NP CC NP NP NP CC NP NP IN CD;1
JJ NNS IN CD CC JJR NP;1
VBN IN JJ NP CD NP;1
JJ NN NN NN DT NN;1
NP IN NP JJ NN;1
CD NN POS JJ NP;1
NP PP NN NN;1
NP NPS NP NP IN NP NP NP;1
NP VBD CD NN;1
NN IN NN IN JJ;1
NP NPS CC NP NP NP;1
VBN NN JJ NN;1
VBN CC NP NP;1
NN CC NN JJ NP NN NN;1
VBN NN NNS JJ NP CD;1
NN DT CD JJ NNS;1
NNS DT CD NP;1
NN NN NN NP VBG NN;1
NN NP NP JJ;1
JJ JJ NN NN NP NN;1
NN JJ NP NP NP NP NN;1
NN NP NP CC NP;1
NN CD NP NP CC NP NP NP NP NP;1
VBG CC NN;1
VB RB JJ;1
JJ NN NN CD NN CD;1
RB JJ NN NN NNS;1
JJ NP NP IN DT NP;1
NP NP IN NN NP NP;1
NN PP VBZ DT CD;1
RB JJ NN NN NN;1
NP NP NP NP NP NNS;1
NN NN NN NN JJ NN NN NN;1
DT NP NP NPS;1
NP NP VBD NP;1
SYM NP CD;1
VBG RB JJ;1
JJ NP NP CC NP NP NP;1
NP CC NP IN NP;1
UH NN NNS;1
NP NP IN NP CC NP NP NP;1
NN NP NP NP NP NP NP NN NN;1
NN NP NN NP NN;1
JJ NN NN NN NN PP VBZ NN NN;1
JJ JJ NN DT NN NN NN;1
RB NP NP NPS;1
CD NN CD NNS;1
JJ CC CD;1
CD NN NP CD NN;1
NN NN JJ NN NN CD NN;1
NN NN JJ NN JJ NN NN;1
NNS CD NN NP NP;1
JJ NN NNS NP;1
VBN DT NP;1
NP NP CC NP NP NPS;1
NN NN NP NP NP NP PP;1
CD NP NP NNS;1
JJ VBN JJ;1
NP JJ JJ NN NN CD;1
NNS CD JJ NN;1
CD JJ NN NNS;1
FW JJ;1
NP NP NN NNS NN;1
NP NN NP CD NN;1
NN NN DT JJ NN NN CD NN;1
NP CD NP CD NP NP;1
NN CD : NN CD NN NN;1
NN NNS JJ NN NP CD;1
NP NN NP NN NN NN CD;1
VBG IN;1
RB CD CD;1
VBN NN NN NN NP;1
NN CC NN IN JJ;1
NN NN NP NP PP;1
JJ NN NN NN NP CD;1
NN NNS NP VBZ;1
NP NN NPS SYM VBN;1
NN NN CD VBN;1
NP NPS NNS;1
JJ NP CC NNS;1
NN CC NP IN NP NP;1
VB IN NNS;1
NNS NP NN NPS;1
NP JJ NN NN NN NN;1
JJ JJ NN JJ NN NN NN;1
NP NP NP NP CC NP NP IN CD;1
CD NN PP;1
NN POS NN IN NP;1
JJ JJ NN NN IN JJ;1
JJ DT;1
NPS CC NNS;1
CD NP CD JJ CD NN;1
VBN JJ NP CD;1
NP CD POS NP;1
DT CD JJ;1
NN DT JJ NP CD CD;1
NN DT JJ NP;1
JJ JJ NN NN VBZ;1
JJ JJ NN NP JJ;1
VBG NN NP CD;1
JJ NP CD DT;1
CD NP NP NP CD NN;1
NNS CC NPS NP;1
LS POS NN NN JJ NN;1
NN NP NN VBD NN;1
NN DT JJ NN DT NN;1
NN NN DT NP NN NN;1
NN DT VBN NN NN;1
NP NNS NP NP NP NP;1
NP NP DT NP;1
JJ VBG NN NN NN;1
NN NNS CC NP;1
NN NN NN VB;1
CD NP CD NN NN NN;1
JJ NN JJ NN NN JJ;1
JJ JJ NP NN NN NN JJ;1
JJ JJ NP NN JJ;1
JJ JJ NN JJ JJ NN;1
NP VBG NN CD;1
JJ JJ JJ NN NN PP;1
NN IN VBN NP NN;1
NN JJ NN VBN NN;1
NN CD NP JJ NP NN;1
NN NN NN NN VB;1
NP NP NN NN NNS;1
NN RB JJ NP;1
NP NP JJ NN JJ;1
PP VBZ NN NN NP;1
NPS NNS;1
NP NN DT;1
NP NNS NN JJ NN;1
NP NNS NP NN;1
NP NP IN NP IN NP NP;1
NN NNS NN NN DT NN;1
NP CC NP IN NN VBG NP;1
VBP NN;1
NP CC JJ NN VBG NP;1
CD NP CD NN NP NP;1
NP NN VBN NN NN;1
IN NN NN;1
NP CD DT;1
JJ NN NN NP VBG NN;1
NN JJ NNS JJ;1
JJ VBG NN JJ NN NN;1
NP NP CC NP NP NP NPS;1
NP CC NP NP IN NP NP NP;1
JJ NN NP NN NN JJ;1
NN NP JJ NP NN;1
JJ NP NP SYM NN;1
MD VB;1
NN VBG NN JJ;1
FW NN;1
SYM NN NP NN NN CD;1
NP NNS NP NP NN NN;1
NP POS NN NN NN NN;1
SYM NN NP NN CD;1
NN NNS NN NN NN JJ;1
JJ IN NP NP NP;1
NN NN JJ VBG;1
NN VBG NN JJ NN NN NP;1
NN VBG NN JJ NN;1
VBN RB JJ NN NN;1
NN NN NN IN NN NNS;1
NN NP NP NP IN NP CC NP NP NP CD;1
NP NP NP IN NP CC NP NP NP CD;1
NP NN NN NN NN JJ;1
NN NN PP NN;1
NN VBD JJ JJ NN;1
JJ NN NN NP CD NP;1
JJ NN NN JJ NNS;1
NP IN NN NN;1
NN NN CD CD NN;1
JJ NN VBN NP CD;1
JJ NN CC NP;1
NNS VBD NN;1
NNS RB;1
NN NNS NP NP NP;1
DT NN NN;1
VBG NN IN NP NP;1
NN NN CD NP NP NP;1
JJ NN NN NN VBG NN;1
NP NN IN NP NP;1
JJ NN CD NN JJ;1
NNS JJ VBP JJ;1
JJ NP NPS CC NP NNS;1
NP DT NP;1
CD NNS JJ;1
NN NN IN NP JJ NN;1
NP NN IN NP JJ NN NN;1
VBG CC NP NPS;1
JJ NN VBG NN NN CD;1
JJ NP IN JJ NP;1
NN NN NP POS;1
NP NP IN NP NP CC NP NP NP;1
NN DT VBG NN;1
IN JJ NNS;1
NN : JJ JJ;1
NP NP NP VBG NNS;1
JJ CC JJ JJ NNS;1
NNS NP IN NP NP;1
JJ VBG CC NP;1
NP NP NPS NN IN NN;1
NP CD NN IN NP NP;1
NP JJ NP NPS;1
NN IN NP NP NP NPS;1
PP NN NN;1
NNS JJ CD NN;1
CD NN JJ CD;1
NP NP NP NP NP IN NP NP CC NP NP;1
NP NNS VBP;1
NP NPS JJ NN NP NP;1
JJS NNS;1
NNS VBP NP;1
NNS CD CD NN NN;1
NNS CD NN NN NP;1
JJ JJ NP NP NP NPS;1
VBG NP NP JJ NP NPS;1
NP NP NP JJ NNS;1
NNS VBG NN NN;1
NN IN NN NP NP;1
NP NP NP NP NP POS;1
NN NNS VBG NN;1
NP FW FW NP NP;1
JJ NN CD VBN JJ NN;1
NP NP NN NN NNS NNS NP CC NP JJ NN;1
NP POS CD NP;1
NN IN PP$ NN;1
LS POS NP NP NP NP;1
NP NP NP NP NP POS '';1
NN NN NN NP NN NN;1
NN NN CD NN CD;1
VBG DT CD NN;1
VBG DT CD;1
NN JJ CD NP;1
NN NN VBN NP;1
NN NN NP : NP NP;1
NP CD NN PP;1
NN NP NN NN VBN NP;1
NP CD POS VBG NN;1
NP NP NP NP POS NN;1
JJ NP CD IN NP;1
NP NP NN NN JJ NN;1
NP JJ JJ NP CD;1
NN CD NN VBG NN;1
NP NN NPS NP CD;1
NN IN NP NP IN NP CD NP;1
NP NP NN CD JJ;1
NP NP POS NP NP NP NP NN;1
VBG DT NP NP;1
DT NN NN NN;1
NN JJ NN VB;1
JJ NNS IN NP NP NP;1
VBN NP NP IN NP NP;1
VBN NP POS NP;1
NN NN IN VBN NP NN;1
NP : NP NP NN;1
NP NP NP NP NP NN NP;1
VBG NP NP NN NN;1
NP POS JJ NN NN NN PP;1
JJ JJ NN VBN NN CD;1
JJ NN TO NP IN NN;1
VBZ NPS;1
NP VBD NN NNS;1
NN CD CD NN NN;1
JJ NP NN IN DT NP;1
VBN NP NP IN DT NP;1
JJ JJ NNS IN NP;1
JJ NNS IN DT NP NP;1
JJ NP IN DT NP NP;1
NNS IN DT NP NP NP;1
NP NP NN NN NN NN NN NN NN;1
NP NP NN NN NN NN JJ;1
NP NP SYM NN NNS JJ NN NN JJ NN;1
VBG NN NN VBD NN;1
JJ CC JJ NPS;1
NN CD CD NNS JJ;1
NN SYM POS '';1
VB NP IN DT NP;1
JJ NN NN NN CD NN NN;1
LS JJ NP;1
NN IN DT NP CC NP;1
JJ NN NN JJ JJ NN;1
CD NP CD NP NNS;1
VBG TO;1
NP POS NP NNS;1
NP NP CC NP NP NP NP;1
NN NN NP NNS;1
JJ NP PP VBZ;1
JJ NP NN NN NP;1
JJ NP NN NP NPS;1
JJ NP IN NP NNS;1
JJ NNS NN NN;1
NNS IN NP CC NP NP;1
NN NP IN JJ NP;1
NNS CC NPS;1
VBN JJ JJ JJ NNS;1
VBN IN NP;1
JJR NN JJ NN;1
VBN NN IN NNS;1
JJR NN NNS;1
JJ NNS DT NN;1
NP : JJ NN NN;1
NP NP : NN;1
NP NNS NN IN NN NN;1
NN NN NN JJ NN CD;1
VBG CD;1
NNS VBZ;1
NN IN VBN NN NN NP CD;1
NNS VBP JJ NN;1
VBZ NN NNS;1
NP NP NN NP NNS;1
JJ NN NN NN NN JJ;1
VB CD NPS;1
MD CD CD;1
NN : JJ JJ NN NN NN;1
CD JJ NN NN NP;1
NN NN NNS NNS;1
NP NP NN VBP;1
NN NN JJ JJ NP;1
NP POS JJ NP;1
JJ NP NP IN JJ NNS;1
NN NN NP NP CC NP NP;1
VB PP JJ NP;1
NN NP VBD;1
NP POS IN NP;1
NNS TO NP NP;1
NNS VBN NP;1
JJ JJ NN NPS;1
VBD NPS;1
NPS NP IN NP;1
NN IN JJ NPS;1
NP CC NP NP NNS;1
IN NP NP NP NPS;1
JJ NN NN NP NP;1
FW NP NP CD;1
NP NP NP CD NP NN NP CD;1
NP NP NN NP NP CD;1
PP DT NN;1
JJ NP NPS CC NP;1
NN CC NP NP CD NP;1
NP NN NP NP NN CD NN;1
VB NP NP IN DT NP NP;1
NN VBN NP NP NN;1
JJR NP NNS;1
NP NN IN VBG NN;1
JJ JJ NN VBD JJ NN;1
NP VBN NP;1
NP NPS CC NP NPS;1
NNS IN NP NP CC NP;1
VB IN NP;1
NP NP TO NP NN NP CD NN;1
NN NN IN NP NN NN;1
VBD NP NNS;1
NN NN IN NP NP NN NP NP;1
NN NN IN NP NP NN NN;1
JJ NN JJ JJ NN NN NP NN SYM JJ NN;1
JJ JJ NP NP SYM NN NN NN;1
NP POS NP CC NP;1
NP VBN NNS;1
JJ NNS CC NP NP;1
NP NPS NPS IN NP NP CC NP;1
VB PP RB;1
JJ NP NP NN NP CD;1
NN CC NP NP IN CD NP;1
NN NN IN NP NP NN;1
NN NP NP NP NP IN NP CD;1
NN NP NPS CD;1
VBG IN NN;1
NP PP;1
NN NP VBP;1
JJ NP NNS PP CC NP;1
NNS CD NP NP NP NP;1
JJ JJ NP NP NP CD;1
IN NP NP NP NP NP NP NP;1
NN CC NN JJ CD NP;1
NP CD NP NP POS CD POS NN NN;1
NN NP NP JJ NP NP;1
VBG NP NNS;1
NP POS NP NN NN;1
CD NN NP CD NN NP;1
NN NP NP CC NP NP CD;1
JJ NP IN NP IN NP;1
VB NP NP NP NP NP NN;1
JJ NP NN NP NP NPS;1
NN NP NP NP JJ NP CD;1
NNS POS NNS NN;1
VBD NN;1
NP NP NN NP NP NP CD;1
NNS IN JJ NP NP;1
NP CC NP NP NP NP NP CD;1
NN NP CC NP IN NP NP CC NP;1
NP CC NP NP NP NP NP CD NP;1
JJ NP NP NP CC NPS;1
VBG NN IN NP NP CC NP NP NP;1
NP CC NP NP NP NP CD;1
NP NP NP IN DT NP NP IN CD;1
JJ NP CC NP NP NP CD;1
NP CC NP NP NP NP CD NP;1
NN IN NP NP NP NP NP;1
NN CD NP NP POS NN;1
NP NP NP NP IN NP PP;1
JJ NN IN NP IN NP;1
NP NP POS NP IN NP;1
VBN IN NP NP CD NP;1
NN CC NN NN IN CD NP;1
NP NP NP NP NP IN CD;1
NP NP NP IN NP CC NP NP NP;1
NP NP NN NP POS;1
NNS POS NNS NNS;1
JJ NN CC NP NP NP;1
JJ NP NN IN DT NN;1
NP IN NP IN NP NP NP;1
NP CD NP NP CC NP NP;1
JJ JJ NN NN IN NNS;1
IN NP NP NP NP NP NP;1
NN CC NP NP IN NPS;1
NN NP NP NP NP IN NP NP;1
NN VBD NP NP CD;1
NP CC NP NP NP NP IN NP CC NP NP NP;1
RB NP NP IN NP;1
NN NN NN VBD NN NN;1
PP$ JJ NN;1
NN IN NN CC NN IN NN NN NN NN;1
VBG RB;1
NN NN NP NP NP NP NP NP;1
NN VBD NN CD NNS;1
VB JJ JJ NN CD;1
CD JJ NP NN CD NP NP;1
NN NP : NP NP NN;1
CD NP NN CD NN;1
NN NN NP CD NNS;1
NN CD CD NP NP;1
NN NP NP CD NNS;1
NP NP : JJ;1
NN NN : NN NN : NN : NN;1
NN : NN : NN : NN : NN NP;1
FW NNS;1
CD NP CD CD;1
NN NN : NN : NN NN : NN NN;1
NP JJ NN NN NN CD;1
JJ NP CD NN NP NP;1
VBG NN NN JJ JJ NN;1
NP NP CD NN NP NP;1
NN : NN : NN NN NN;1
LS POS NN NP;1
NN JJ NN CD JJ NN NN CD NN;1
NP NP NN VBG NP NP;1
NP NN IN NN : NP NP;1
JJ NN VBG NP NP;1
NN NN : NN : NN NN;1
NN : JJ NN : NN DT : NN NN;1
NN NNS : NN : NN : NN NN;1
JJ NN : IN NP NP;1
NP NP POS NN IN NP;1
NP POS NN IN DT NN;1
NN NNS JJ NN NN CD;1
CD NP NP NP NP CD NN NN;1
VBN NN DT;1
NP NP SYM JJ NN;1
NP NPS NP NP CC NP NP NPS NP;1
NN NN NN JJ NN NN CD;1
NP CD NN NNS;1
RB TO VB;1
CD NP CD NN NP CD NP NNS;1
VBN TO NN;1
NN NN CC VB JJ;1
NN NN CC NN NN;1
NN : JJ NN : NN : NN NN NN NN;1
NN : NN NNS : NN;1
JJ NN VBD JJ TO NNS;1
VBN NN : JJ NN : NN : NN : NN NN;1
NN JJ : NN : NN : NN;1
NN : NN : JJ JJ NN NN;1
NN : NN : JJ NN;1
NN : NN NN : NN : NN NN NN NN;1
NN NN : NN : NN : NN NN : NN;1
NN : NN : NN NN : NN : JJ NN : NN NN : NN NN : NN : NN NN;1
JJ JJ NN NP NP NN NN;1
NN NN CC VB JJ NN;1
NN NN SYM NP;1
NN IN DT JJ JJ NN;1
JJ JJ NN JJ TO NN NN NN;1
NN NP IN JJ NP NP;1
JJ JJ NN IN NN CC NN IN NN;1
RB TO NNS;1
JJ NN IN DT JJ NN IN NN CD;1
NN VBG NN VBN NN;1
NP NP IN NP NP NP NP NP;1
NN VBN IN JJ JJ NNS;1
NP NN NN NN NN NN CD;1
NP IN NP CC NP NPS;1
JJ NN JJ IN JJ NN;1
NN IN NN CC JJ NN NNS;1
JJ JJ NNS IN JJ NNS;1
NP RB CD NN;1
JJ NNS IN NN CC NNS;1
VBN NP NP NP NPS;1
NP NP NN CC NN;1
NN IN RB JJ JJ NNS;1
NP NN NN NP NP NN;1
NP POS NN JJ NN;1
JJ NN IN VBN NNS CC JJ NN;1
JJ NN IN NNS NN CD;1
NP NN NN JJ NNS;1
NN NN NNS JJ NN;1
NN NNS CC JJ NN IN JJ CC JJ NNS;1
JJ JJ NNS IN NP CC JJ NN;1
NN NN NN NP NN NN NN;1
NN NN NN IN JJ NN NN NN;1
JJ JJ NNS CC JJ NN;1
NP NN NN NN CD NN;1
NN NNS NN VBZ JJ NN;1
JJ VBG NN CD NN;1
NN VBD JJ JJ NN CD;1
NN JJ TO JJ NN IN NN IN NN;1
JJ JJ NN IN NP CC NP NN;1
NNS JJ TO NP NP NP;1
NNS IN JJ JJ NN CC NN;1
NP NN DT NN CD;1
VBD JJ NN CD;1
CD NP CD NN CD NN NN;1
JJ NN IN NN NN NN CC JJ JJ NN;1
JJ NN JJ JJ NN CD;1
NN IN NN IN NN;1
JJ JJ NNS CC JJ JJ NNS;1
RB IN NN NN;1
NN NNS NN IN NP;1
NNS VBN IN JJ NN CC JJ NN NNS;1
VBN NN NN NP;1
JJ JJ NN NP : NP NN;1
VBG NP NP NN NNS;1
JJ NN CC VBG VBN NN;1
NN NN IN JJ NP NN NNS;1
NN NP CD JJ CD NN CD JJ NP;1
NN NN NN NN NP NN;1
JJ JJ NN IN NP POS NN;1
JJ JJ NN IN JJ NN CD;1
NN VBN IN JJ NN IN DT NN;1
JJ JJ JJ NN NN CC NN;1
JJ NN NN NN NN IN NNS;1
NP NN : JJ;1
JJ NN IN DT NN IN NP;1
JJ JJ JJ NN NN NN NP NN;1
NN JJ NP NN NP;1
JJ NN VBN JJ NN;1
NP JJ VBD;1
JJ NP NP NP NP IN JJ NNS;1
NP CC JJ NNS;1
CD JJ NNS CC NN NNS;1
NN NN VBG JJ JJ NN;1
JJ NNS IN DT NP NP NP;1
NN JJ NP NP NPS;1
NP NN NN NN IN DT NN;1
NN VBD JJ JJ NN NN CD;1
NN JJ '' NN;1
NP NN NN NN NN NN NN JJ;1
NN IN NN VBG CD;1
JJ JJ JJ NN NN CD NN;1
NN JJ NN VBN IN JJ JJ NN;1
JJ NN IN JJ NN CC JJ NN;1
NP IN NN NN NN;1
JJ CC JJ NN IN NNS;1
NN JJ TO NP NN;1
NN IN NN NN NP;1
JJ NN NN JJ NP NP NN;1
NP CD JJ JJ NN NN;1
NN CD JJ NN NN;1
JJ VBG JJ NN IN NN;1
JJ NNS POS CC JJ JJR NN IN DT NNS CC NNS;1
NP CC JJ NN IN JJ JJ NN;1
VBG NNS IN NP;1
NNS POS IN NP;1
NN VB RP NN;1
NP NP JJ NP NP NPS;1
VBG NN CD NN;1
JJ JJ NN JJ CD;1
NP NP CC DT NP;1
NP JJ JJ NN NN NN;1
JJ NN NN CC JJ NPS;1
NN JJ TO JJ NN;1
RB IN DT NN CC NN;1
NP JJ NN IN DT NN CC NN;1
JJ JJ NN NN IN JJ NN NN;1
NP NN IN JJ NN CC JJ JJ NN;1
NP POS NN NN CD;1
NN NNS CC NNS IN NN NNS;1
JJ JJ NN CC JJ NNS;1
NN JJ IN NN CC JJ NNS;1
DT CD CD;1
JJ NN IN NP NP JJ NN;1
NN NN NN IN NP CC NP;1
RB VBN NP NN;1
JJ NNS VBG IN JJ JJ NN;1
NN IN NP NP NP CC NP;1
JJ NN IN NP FW NP NP;1
NP NPS NP IN NP NP NP;1
NNS IN NN NP;1
VBN NP IN NP NP;1
JJ NN : NP;1
NN NP IN NP NP NP NP NP;1
RBS JJ NN;1
NNS NP NP CC NP NNS;1
JJ NN NN NNS NP;1
NN NP NP IN NN NP;1
CD NN CD NN CD NP;1
NP CD NN CD NP NP NP NP JJ NN;1
VB CC VB NN;1
JJ NN NN CD NP NN;1
NP CC NP NP CD;1
CD JJ NP CD NN CD NN CD CD;1
NN NP NP IN NP CD;1
NNS IN NP VBG;1
NN JJ VBN NN CD;1
JJ NPS IN NP;1
NP VBD NN JJ;1
NN NP POS JJ NN;1
NN : NN NNS;1
NN NN : JJ NN : NN;1
NN : NN : NN : NN : NN NN NN;1
CD NN NP NP NN;1
NN NP NN NN JJ NP;1
JJ NN JJ NP NP PP;1
JJ JJ JJ NN NN CC NN NN;1
NP NN VBN IN VBN NN;1
NP NP NP JJ NN CD NN;1
NNS JJ TO JJ NN NN;1
NN NN JJ NN NN CC NN NN;1
JJ JJ NN IN JJ VBG;1
NN IN JJ NN NN NN;1
JJ JJ NN NNS IN JJ JJ NNS;1
NNS TO NN CC RB IN NN NN;1
JJ NNS CC RB;1
JJ NN IN DT NN NNS IN DT NNS CC NN VBN IN VBN NN;1
JJ NN IN JJ VBG CC VBG IN JJ NN;1
NN NP NN NN JJ NN NN NN;1
NP NN CC NN;1
NN NN IN NN CD;1
NNS IN;1
NP NP NN IN NN NN CC NN CC JJ NNS;1
NP NP CC NP NP NP NN CD;1
NN VBD NN CD NN;1
NN IN NN NN NN RB;1
JJ JJ NN IN NN NNS;1
JJ NN NN JJ NN : NN DT NN;1
NN NN NN VBN IN RB;1
NP NP NN NP CD CD;1
NN IN JJ NN CC JJ NN;1
NN IN JJ NNS CC JJ NNS;1
NN JJ TO NN NN;1
NN NN JJ NNS JJ NN;1
NN CC JJ NN NN NN;1
NP NP CD CD CD NP CD CD NP CD NP CD CD NP NP NP NP;1
JJ NN IN JJ CC JJ NN;1
NN NP NN JJ NP;1
NN IN JJ NN NN CC NN;1
JJ NN IN JJ NN NN CC NN IN JJ NNS;1
NN VBD JJ NN IN DT NN;1
JJ NN NN IN JJ NN NN;1
JJ JJ NP NP PP;1
NN JJ NN NN CD NN NN NP NN CD JJ;1
NN CC NN IN DT NN IN NP;1
JJ NN NN NN NN CD NN;1
NN DT JJ NP NP;1
JJ NN JJ NNS JJ NN;1
JJ NN NN VBZ NNS JJ NN;1
NN IN NNS IN NN;1
JJ NN VBD JJ NP NN;1
JJ NN NN NN IN DT NNS;1
JJ NN IN NN NN NNS;1
JJ NN NN IN JJ JJ JJ NN;1
JJ JJ NN NN IN JJ NN NNS;1
NN NN NN CD NP NN;1
JJ NN NN IN JJ NN CC NN IN DT JJ NN;1
JJ NN CC NN IN JJ NN;1
JJ CC JJ NNS IN DT JJ NN;1
JJ NN NP NN NN NN CD;1
NN JJ NN JJ NN JJ NNS;1
NP JJ NN VBD NN NN;1
JJ JJ JJ NNS IN NNS;1
NP NP RB;1
JJ JJ NN CC JJ JJ NN NN;1
JJR NP NP PP;1
NNS VBG JJ;1
JJ NN NN NN VB;1
RB IN JJ NN NN;1
NN CD '';1
NNS TO NN;1
JJ JJ NN CC NNS;1
JJ NN NN NN IN NP POS NN;1
NN NNS IN JJ JJ NNS;1
NN NN NNS IN NN;1
NP RB JJ NN NN NP;1
JJ JJ NN NNS CC NNS;1
JJ NN CC NN NN NNS;1
NN NN DT CD NP NP;1
JJ NN CC VBG NNS;1
VBN NP NN NP NP;1
JJ NN NN IN NP;1
NP IN JJ NN;1
NP NN IN JJ NNS CC JJ NN NN;1
JJ NN VBG DT JJ NN;1
NNS JJ JJ JJ CC JJ;1
NNS JJ TO NN IN NN NN;1
NN NN JJ TO NN NN;1
JJ JJ NNS CC JJ JJ NN;1
NP NPS CC NPS NP;1
NN JJ NN IN NN;1
NN CD NN CC NN;1
JJ NN IN JJ NN IN NN CD;1
JJ JJ JJ NN CC NN;1
JJ NNS NN NN JJ NN JJ NN;1
NP NP NP NN CD NN NN NN;1
NN NN NN DT NNS;1
RB IN JJ CC JJ NN;1
JJ NN IN NN NP;1
NN CC NP NP NP NP NP NN;1
JJ JJ CC JJ JJ NP NP;1
NN JJ NN NN CD NN NP CD;1
CD NP CD NN NP CD NP;1
JJ JJ NN IN DT NP NP;1
VBG NN NN NN CD NNS;1
NN NN VBN IN NN NP CD;1
JJ NN : NN NN : NN NN;1
NN : NN : NN : NN : NN NN;1
VBG NN NN NN NP NN;1
NN : NN : JJ NN : NN NN;1
NN NN : NN NN : NN NN : NN NN : NN NN;1
JJ NN : NN : NN NN NN;1
NN NP NP NP CD NP NP;1
NN NN : NN : NN : NN : NN;1
NN NN VBG NN IN NN CC NN CC NN IN DT JJ NNS;1
NN TO JJ NN;1
NN JJ NN NP NN;1
NN VBD NN JJ NNS;1
NP VBD NN NN NNS;1
NP NPS IN DT NN;1
NP JJ NN IN JJ JJ NN;1
NN VBD NN NP NN;1
JJ JJ NNS IN NN;1
JJ JJ CC JJ NNS CD;1
JJ NN NN IN DT NN CC NN;1
NN NN IN JJ JJ NN CC JJ NN;1
NN IN NNS IN NN NNS CC JJ NN;1
NN NNS JJ JJ NN NN;1
JJ NN JJ TO JJ NP NN;1
NP CC JJ NNS IN VBN NNS;1
NP CC JJ NN NN;1
JJ NN NNS CC JJ JJ NNS;1
NN NN DT NP NP NP;1
NP NN IN JJ CC JJ NNS;1
NP NP NN CC NN NN JJ NN;1
NP NP NN IN VBN NN;1
NN IN JJ NNS IN NN;1
JJ JJ NN JJ TO CD NN NN;1
NNS CC VBN NN NN;1
NN NN JJ NN NP NN;1
NNS JJ TO JJ NN IN NP NP;1
VBG JJ NN IN JJ NNS;1
NP NNS IN JJ NN;1
JJ JJ NN IN JJ JJ NP NN;1
NN VBD NN IN DT NN;1
NN NN TO DT JJ NN;1
JJ NN JJ TO NP NNS;1
JJ NN IN DT JJ NN IN DT NP NN;1
JJ NN JJ TO NP NN;1
NP NP NP CC NP NNS;1
JJ JJ NN IN DT NNS IN JJ NN NN CC JJ NN;1
LS CD CD NP;1
NN NP CC JJ NN;1
NN NNS IN JJ NN CC JJ NN NNS;1
NN IN DT NN CC JJ NN;1
NN JJ NN IN NP NN;1
JJ JJ NN VBN IN JJ NN;1
NN NN IN JJ JJ CC NN NN;1
JJ NNS CC NN IN NN;1
NN IN JJ NN NN VBD;1
NP VBZ NN NN;1
JJ NN CD DT;1
NN NN NN IN NNS JJ;1
NP NP NN IN JJ NN NN CC NN;1
NP JJ NNS JJ NN;1
NP NN JJ IN NN;1
JJ NN IN JJ JJ NNS IN DT NN;1
NP CD CD JJ CD CD CD CD NN CD;1
JJ VBD JJ NN VBN IN NN CC JJ NN;1
NN IN NN IN DT NNS;1
NP NN NN IN JJ NN CC NN;1
NN JJ TO NN NN VBD NN IN JJ NN;1
JJ NNS NN IN JJ NN;1
JJ NNS JJ JJ NNS;1
JJ NN NN CC JJ JJ NNS;1
JJ NN CC NN NN;1
JJ NNS IN NN CC NN;1
NN NN JJ NNS NN;1
JJ NN IN JJ NN CC VBN NN;1
NP JJ NN CC NN;1
NP CD CD NP NP;1
VBG NN NN NP CD;1
JJ NN NN RB;1
NN NN IN DT NN IN JJ VBN NN;1
NNS VBN IN JJ NN;1
NN NN NN JJ NNS;1
NN VBN IN JJ NN;1
JJ CC JJ NN IN JJ NN CC NN;1
JJ NP NP IN NNS;1
NP JJ NN IN DT NN;1
JJ JJ NNS CC JJ NNS;1
JJ JJ CC JJ JJ NN;1
JJ NN NN NP NP NN;1
NN JJ NN NN IN NP;1
NN NN VBG JJ;1
RB JJ NP NP;1
NN IN JJ NN CC JJ NNS;1
JJ NN : NN NNS NN;1
NP JJ NN NN NN IN NN NN;1
NP CC JJ NN IN JJ NNS;1
NN CD NP NP NN;1
JJ CD NN NN NN;1
JJ JJ CC JJ NNS;1
JJ JJ NN CC JJ JJ JJ NN;1
NN JJ IN JJ NN;1
JJ NN IN VBN JJ NNS;1
JJ JJ NN IN NNS IN DT NNS;1
NN JJ CD NN CD;1
NN IN DT NN IN DT NNS;1
JJ NN NN IN NN CC JJ NN;1
VBN NN CC NN NN;1
VBN NN NN CC JJ NN;1
JJ NN IN NP NP NP CC NP NP;1
NN NN NNS IN NP;1
NP NN CD JJ NN;1
VB NP NN CD NP;1
NN IN DT NNS CC NNS CC JJ NNS;1
NNS CC JJ NN;1
NP NP NP IN NP NP CC NP NN NN;1
NNS NP IN DT NN;1
JJ CC JJ JJ NP NP;1
NP NN CD NN NN NP;1
JJ JJ JJ NN NN NN CD;1
NP POS NN IN DT NP CC NP;1
NN IN DT NP NP NP;1
JJ NP NP NP IN NP NP CC NP;1
MD CD NP CD NN;1
NP NPS NNS CC NN;1
JJ NP NP NP CD NP CD;1
NN : JJ NNS;1
NP NN JJ NN JJ NN;1
NN : NN : NN : NP : NN : NN NP : NN NN;1
NN NN : NN : JJ;1
NN NN : NN NN : NN NN : NN NN;1
NN NN : NN : JJ NN;1
NN : JJ NN : NN : NN : NN;1
NN JJ NN : NN : JJ NN NN;1
NN : NN NN : NN : NN;1
NP NN CD NN PP;1
NP NN CD NN NN CD;1
JJ NP CD JJ NN;1
NN CC NN IN JJ JJ NNS;1
NN IN NN CC NNS IN NN CC NN;1
NP NN CD NN NN JJ;1
JJ NN CC NN NN NN IN DT NN;1
NP JJ NN IN NN;1
JJ NN IN DT NNS IN JJ CC JJ NNS;1
JJ NN VBN IN JJ NNS IN DT JJR NNS;1
RB IN NN NN IN NP NP NN;1
JJ NNS IN JJ NN IN DT NNS CC NNS;1
NNS JJ NN VBD JJ NN;1
NNS JJ JJ JJ JJ NN;1
JJ NN JJ IN NP;1
IN NP NN;1
JJ IN NNS VBG DT NN CC NN;1
NN VBD NN JJ NN;1
JJ NN IN JJ VBG CC VBG;1
NN NN NN NN NN NNS;1
JJ NN CC NN IN DT NN;1
CD NP CD NN JJ NN CD NN;1
CD NN CD NP NP NP;1
NN DT CD JJ JJ NNS;1
NP NP IN NN IN JJ NN;1
CD NN CD NN JJ NP;1
NP NNS IN JJ JJ NNS;1
JJ NN IN NN NN CC NN NN;1
JJ JJ JJ JJ NN CD;1
NN NN JJ JJ NN NN NN;1
CD NN NN NP;1
JJ NP JJ NNS NN;1
JJ NN IN NN NN JJ NN;1
JJ NN CC JJ NN IN JJ NNS;1
JJ JJ NN VBN IN NN NN;1
JJ NN IN DT JJ NN CC JJ NNS;1
JJ NP NP NP NP NNS;1
VBN NNS IN JJ NN IN JJ NNS;1
NN NN NN IN JJ NN JJ NN NN;1
NP NP NN JJ NN NN;1
NP NN VBN IN NP NP;1
NP POS NN IN JJ NNS;1
VBP NPS;1
VB RB JJ NNS;1
NN NN NNS IN JJ NN IN NNS CC NN;1
NP NP NPS NP NN;1
SYM JJ NN JJ NN NN;1
JJ JJ NN IN JJ NP NN;1
JJ JJ NN IN NNS;1
NN JJ CC JJ NN;1
JJ NN NN JJ TO NP NN NN NN NN;1
NN NN NN TO NN;1
NP NNS IN JJ NN IN DT NN;1
TO NP CD NP;1
JJ NP NN IN NN;1
JJ NP IN NN TO NN NP;1
JJ JJ NNS CC NN IN JJ NN;1
JJ CC JJ NN IN JJ NNS;1
NP NP DT NNS;1
JJ NN NN IN NN JJ NN;1
NP NNS NP CC NP VBD;1
RB IN NN;1
NN NN CC JJ NN NN;1
NN NP NP DT CD CD;1
JJ NN NN NNS JJ;1
NN JJ NN IN JJ NNS CC JJ NN NN;1
NNS IN JJ NN NNS;1
JJ NN IN JJ JJ NN NN;1
NN JJ NN JJ NN NNS;1
NN IN JJ NN NN IN NN;1
JJ NN CC VBN NN NNS;1
NN DT CD NN CD NNS;1
JJ NN VB JJ;1
NP NN IN JJ JJ NN CC JJ NN NN;1
CD NN NN NN NN IN NN;1
NNS IN NN CD;1
JJ JJ NN IN NN JJ NN;1
JJ NN IN DT JJ NN IN DT NN;1
RB IN DT NN CC JJ NN;1
JJ NN IN JJ JJ NN CC JJ NNS;1
NP NN IN DT NN;1
NNS IN JJ NN CC NN;1
JJ NN NN NN RB;1
NN NN NN NNS VBG;1
NN NN IN JJ JJ JJ NN CC JJ NN;1
JJ NN JJ TO JJ JJ NN;1
VB PP JJ JJ JJ NN;1
NP POS VBG NN;1
VBN NNS CC NNS;1
VB NP NP NP CD NP;1
NP JJ NN NN NN NP;1
MD VBG NN CD;1
NN FW JJ NNS IN JJ NN;1
JJ NN IN NP NNS;1
JJ NN IN NP IN NP NP;1
JJS VBZ NP;1
NP NP NPS IN NP;1
NN DT CD NN NN;1
NP PP NP CD NP;1
NN VBZ IN NNS;1
NP NP NP CD NP NP NP CD;1
NP CD NN NN NNS;1
NN IN PP$;1
NP POS JJ NN NP;1
JJ NN : NN NN : NN : NN : NN;1
NN CC NN VBG NN;1
NP NN VBD;1
JJ JJ NN IN JJ NN NNS;1
NN NN SYM NP NP;1
JJ JJ VBG;1
JJ NN IN DT JJ NN CC JJ JJ NN;1
JJ JJ NN JJ TO JJ NN;1
JJ NNS JJ NP NN NN;1
JJ NN IN NP POS NN;1
NN CC NP NPS;1
NN NN VBN IN JJ JJ NNS;1
JJ NN JJ NN IN JJ NN NN;1
NN JJ VBN NN NN;1
NP NP NN NN RB;1
JJ JJ NNS NNS IN NN;1
NN NN NN NN IN NN NN;1
JJ JJ NN NN CC NN;1
NN NN VBN;1
NN VBN NN IN JJR NNS;1
VBN NN CC JJ NN;1
VBN NN IN JJ NN;1
NP NN NNS IN JJ NNS;1
NN JJ JJ NN CD;1
VB PP JJ NN NN;1
NP NN VBD IN NN NN;1
NN JJ NP IN NP NN;1
NP JJ NNS NNS;1
NP POS NNS NN;1
VBN JJ JJ JJ NN NN;1
JJ NN NN IN NN NP;1
RB NN NN NN NN;1
NNS JJ IN JJ JJ NN CC JJ NN;1
JJ NN IN JJ NN IN JJ NN;1
NP POS NN NN JJ;1
NN IN DT CD NNS IN JJ NN CC JJ NN NNS;1
JJ JJ NN CC NN IN JJ NNS IN JJR NN;1
JJ NNS JJ NP NN;1
RB VBN NN NN IN JJ NN NN;1
JJ NP NP NP NP CD JJ NNS;1
JJ JJ NN IN NN CC NN;1
JJ NN NN NN JJ NNS JJ NN;1
JJ NN IN DT NN CC JJ NN;1
NN JJ JJ JJ NN;1
NN NN CC JJ JJ NN NN TO NN;1
JJ NN IN JJ NN JJ NN NN CC JJ NN;1
NP JJ JJ NN JJ NN;1
NP CD CC CD;1
NNS IN JJ NN IN NN CC NN;1
NN IN JJ NN IN JJ NN;1
JJ JJ NN : NN;1
NN NN JJ NN JJ NNS;1
JJ NN IN JJ CC JJ NN NN;1
NP JJ NN VBG NN;1
NNS NP NP NPS;1
NN NN NN VBG NN NN;1
NN NNS JJ NN NN NNS;1
NP CC NN;1
NN NNS IN NN CC NN;1
JJ NN CC JJ NN NNS;1
NN NNS CC JJ NN;1
NP VBD NN NN JJ;1
JJ NN NN IN JJ NN CC JJ NN;1
JJ NN IN NN CC JJ NN IN DT NN NN;1
NN VBG NNS IN NN NN;1
JJ NN CC JJ NN CD DT;1
NN NN IN JJ NN CC NN;1
NN POS NNS NN;1
NNS JJ TO JJ NN NN NN;1
NNS IN JJ NN CC NNS;1
RB IN NNS CD CC CD;1
VBN NNS NP NN;1
NP VBG NN NNS;1
NN JJ JJ JJ JJ;1
JJ NP POS NN CC NN NN RB;1
NNS JJ JJ NN;1
VBG NN JJ NNS;1
NN IN JJ NN CC NNS;1
RB JJ NN IN JJ NN;1
NP POS NP NP NN;1
NN NP NP NN NP NP;1
NP CD NN CD NN;1
VBN TO NP NP;1
VBN TO NP;1
NN NN : NN : NN NN : NN : NN NN : NN NN;1
NN NNS : NN NN;1
NN NN : NN NN : JJ NN : JJ NN;1
JJ NP NNS NP CD;1
NN NN NN NP CD CD CD;1
NP NP : NP : NN : NN;1
NNS JJ CC JJ;1
NN JJ TO NP NP;1
NN CC JJ NN POS;1
NP NPS POS NN;1
JJ CC VB JJ NNS;1
NP NP NP NP NP NP NP NN NN;1
JJ NN NN NN IN NP NP;1
JJ NN IN NN IN JJR NNS;1
JJ JJ NP POS NN;1
NN IN NN IN RB;1
VBN JJ NN IN NNS;1
JJ JJ NNS IN NNS CC NNS;1
NN NNS CC JJ JJ CC JJ NN NNS;1
NN NN CC NN NN IN JJ NN;1
JJ NNS IN NP NNS;1
JJ CC VBN NN IN JJ NN;1
NP NN NP VBD;1
JJ NN JJ VBN IN JJ NN;1
NP NPS POS NNS;1
NN CC NN IN DT JJ NNS;1
JJ NP NN IN RB;1
JJ VBG NN RB VBN;1
NN IN NN CC JJ JJ NN;1
JJ VBG JJ JJ NN;1
VBG JJ JJ NNS;1
NN NN NN NNS IN NNS;1
NN JJ TO JJ NN NN;1
NP NN NN JJ TO JJ NN NN;1
NN VBD NNS NN NN RB;1
JJ CC JJ NNS IN NN;1
NP JJ NNS NN CD;1
VBN NN IN NN NN;1
NN NN IN JJ CC JJ NN;1
JJ JJ NN IN DT JJ NN;1
RB IN NN IN JJ NNS;1
JJ JJ JJ NN IN DT NN;1
JJ NN JJ CC JJ NN;1
NN NN NN NNS VBP;1
RB VBN JJ NN;1
JJ NN IN NP CC NN NN;1
JJ NN JJ NN JJ NN;1
NN JJ NP NP CD;1
NP JJ NNS JJ NNS;1
JJ NN IN NN NN NN NN CC NN;1
JJ JJ NN JJ JJ CD;1
JJ NN NN JJ TO JJ NN;1
JJ NN NN VBN IN JJ NN;1
NN NN IN NN IN DT NNS CC NNS;1
RB JJ IN NN JJ CC NN NN;1
JJ JJ NNS IN NNS CD IN NN NN;1
NN JJ TO VB IN NN NN CD;1
NN JJ TO VB IN NN;1
JJR NN IN JJ NN;1
JJ NN JJ CC JJ;1
JJ NNS CC JJ NNS IN NN CC NN;1
NN NN CD DT;1
NP POS NN CD;1
JJ VBN NNS IN JJ NN CC NN NN;1
NN JJ NN VBD JJ NN;1
NN NN CC NN NNS;1
JJ NN CC NP NN;1
JJ VBG IN JJ NN;1
JJ VBP NN;1
NN NN IN DT NN;1
NN IN NN CC JJ NN;1
NN CC NN IN NP;1
NN IN JJ NN CC JJ JJ NNS;1
JJ NP NP NP IN NP CC NP;1
NP NP NP IN NP NP CC NP NP NP;1
NP NP NP IN NP IN NP NP;1
VBN NP NN NP NP NP NP;1
NP NNS NN CD JJ NN;1
JJ NN IN DT NP NP NP;1
NP CD VBG NN;1
NP PP NP CD NNS;1
RB IN NP NP NPS;1
NN NN : JJ NN : NN NNS;1
NN NN : NN NNS : JJ NN : NN NN : NN NN;1
NN : NN NN : NN NN : NN NN : NN NN : NN NN : NN;1
NP NP NP POS NP NP NN;1
NN NP : NN NN;1
NN : NN : NN : NN NN NN;1
NN NP : NN NN : NN NP;1
NN NN : NN NN : NN NN;1
NN TO NNS IN NP NP;1
CD NN NP NN;1
JJ JJ NNS NNS;1
NNS JJ TO NN NN;1
NP NP NN IN NN CC NN;1
NN NN NNS IN CC IN NN;1
JJ NN IN JJR NN NN;1
NP VBD IN NP NN CC NN;1
NN CC NN NN IN IN JJ NN NN;1
NP CC NP NN IN JJ NN;1
NP NN IN JJ NN CC NN NNS;1
JJ NN JJ TO JJ NN NN;1
JJ NN NN CC JJ NNS;1
JJ JJ JJ NN IN JJ NN NN;1
NN JJ TO NP NN NN;1
JJ JJ NN IN NP NNS;1
NN NNS JJ CD;1
JJ JJ NN JJ TO NN NN;1
JJ NN JJ NN NP NP NN;1
JJ VBG NN NN JJ NN;1
RB DT NN;1
NN NNS VBN IN JJ NN CC JJ NN;1
NP CD CD NP;1
NP VBZ NNS VB NP;1
NN NNS VBD;1
NP NP NPS NN;1
JJ NP NP IN NPS;1
JJ NN IN JJ NN IN DT JJ NNS;1
NP NN JJ TO JJ NN NN;1
JJ JJ JJ NN NN JJ NN NN;1
JJ NP IN JJ NN;1
JJ JJ JJ JJ NN CC NN NN;1
JJ NN IN NN CC JJ NN;1
NN IN NN IN JJ NN;1
JJ NP CD POS NN;1
NN CC JJ NN IN JJ NNS;1
NN NN NN NNS CC JJ JJ NN;1
JJ NN CC NN NN VBN IN JJ JJ NN NN;1
JJ NN IN VBN NN;1
JJ JJ NN CC NN NN NNS;1
RB VBN IN JJ NN;1
NN TO DT NP;1
JJ JJ JJ NNS NN IN JJ NN;1
JJ JJ JJ NN IN JJ JJ NNS;1
JJ JJ NNS CC NNS;1
NN IN JJ NN IN NN;1
JJ NN CC JJ JJ NN IN JJ NN;1
NN IN DT JJ CC JJ NNS;1
JJ JJ JJ NN JJ NN;1
JJ NN IN NN NNS IN JJ NNS;1
JJ NNS NN CC NN;1
VBN JJ NN IN NN;1
NN NN NNS JJ NN NN;1
NN IN DT NN NN IN JJ NN CC JJ NNS;1
JJ NP NN JJ NN;1
NNS IN JJ NN CC JJ NN;1
NN NN CC NN NN NNS;1
NN NNS CC NN NN;1
JJ JJ JJ NN NP NP NN;1
JJ JJ JJ NN CC NN NN NN;1
NN VB JJ NN;1
NN NN JJ TO VB IN NN;1
JJ JJ JJ CC JJ NNS;1
NN TO DT NP NP;1
NN IN JJ JJ NN CC JJ NNS;1
JJ NN CC JJ NN CD NP;1
CD NP NP NP CD NP;1
NN JJ JJ NN NN JJ TO JJ NN;1
NP NP NN NNS CC NNS;1
JJ NN IN VBG JJ NNS IN NN NN;1
JJ JJ NN IN JJ NN CC JJ NN;1
JJ NN NNS IN NN;1
JJ NN NP JJ NN NN;1
NNS JJ CC VBN;1
NP NN IN NN JJ NN;1
NN JJ VBN JJ;1
JJ NN CC JJ NN CD;1
NP JJ NN NP NN;1
JJ NNS VBN IN DT NN;1
NP NP NP : IN NP NP;1
VBN PP$ NP;1
VBG NP NP IN DT NP;1
NP NP NP IN NP NP NP IN NP NN;1
CD JJ NP CD NN CD NN NN;1
VB NP JJ NNS;1
JJ NP NP NP POS NP;1
NP POS NN IN DT NP;1
VBN NN IN NP NP;1
NP NP IN NN NP;1
NN NP NP NP NP CD NN;1
RBS JJ JJ NN;1
NNS IN NP CC NP;1
NN VBG NPS;1
DT NP NP NP IN NP;1
NP CD NP NP NP NP CD;1
VBG NN DT NN;1
NN : NN NN : NN NNS : NN NN;1
NN : NN NN NN : NN;1
NP NP NN IN NN : NN NN NN;1
NP NNS NN NN NP;1
NP NN IN NN : NN NN NN;1
JJ NN : JJ NN : NN NN : JJ NN;1
NN : NN : NN NP CD;1
JJ NN : NN : NN : NN : NN;1
JJ JJ CC NN;1
NP CC NN IN NN NN;1
NP VBD IN NP NP;1
JJ NN NN NN IN NNS;1
JJ JJ JJ NN JJ NN NN;1
NN CD CD CD NP CD CD NP NP NP NP NP NP CD NP NP;1
NP NNS JJ NN NP;1
NNS IN NNS CC NN;1
JJ NN IN NNS IN JJ NN;1
NN NNS IN JJ JJ NN;1
NP POS JJ JJ NN CD;1
NN NP POS JJ JJ NN;1
JJ JJ CC JJ JJ NNS CC NN;1
NP NN IN VBN JJ NN;1
VBN NN NN IN DT NNS IN DT NNS;1
NN CC NN NN IN JJ NN;1
NN NNS CC NNS IN JJ NNS;1
JJ NN IN NN DT NN;1
NN JJ JJ JJ NNS;1
NN NN NN NN : JJ;1
NP NNS IN DT NN;1
NN CC JJ JJ NN;1
JJ NN IN NN IN NN CC JJ JJ NN;1
NN IN VBG CC NNS;1
NN NNS IN NN NN NNS;1
NN TO NP NNS;1
NN IN JJ NN CD;1
NP NN CD IN NNS CC JJ NN;1
JJ JJ NN IN NN CC JJ;1
JJ NNS CC JJ NNS;1
NN IN NN CC JJ NN CC JJ NNS;1
NN IN DT NN NN IN JJ NN;1
JJ NN RB JJ;1
NP JJ NN RB;1
NN IN JJ CC JJR NNS IN JJ NN;1
NNS RB JJ NN;1
JJ NNS CC JJ NNS IN NN;1
JJ NN IN JJ NNS CC NN;1
JJ NNS RB;1
JJ NN NN NN IN JJ NN;1
NN NNS JJ RB;1
NP NN IN NP POS NN;1
NP NN CC JJ JJ NN;1
NN IN JJ NN CC VBN NN;1
JJ JJ NN NN IN VBN NP NP NN;1
JJ NN NN IN DT JJ NN;1
JJ NN IN NN IN DT JJ CC JJR NNS;1
NNS NN IN IN JJ NN CC NN NN;1
JJ JJ NN NN IN NN IN NN;1
JJ JJ NN VBN IN NN;1
NP NP NP NP NN CD CD;1
JJ JJ NN VBN IN NN NP;1
JJ JJ NN IN JJ NN CC NN;1
JJ JJ NN IN NN JJ CC NN NN;1
JJ NN CD CC NN;1
JJ JJ NN JJ NNS;1
NN IN DT JJ JJ NN IN DT NN;1
NN IN NNS JJ;1
JJ NN CC NN IN JJ NNS;1
NN CC NN NN IN NN;1
JJ CC JJ NN IN NN;1
NP VBZ JJ NN NN CD;1
NP NP NP JJ JJ NN NN;1
JJ NN NN NNS NN NP;1
JJ NN CC JJ JJ JJ NN;1
JJ JJ NN IN NN TO VBG NN;1
NN NN IN NN CC JJ NN;1
NN IN NN CC NN IN JJ NNS;1
JJ JJ NN IN VBN JJ NN;1
RB IN JJ NN CC NN;1
JJ NN VBN IN JJ NN NN;1
JJ NN CC JJ NN JJ;1
JJ NN IN JJ CC JJ JJ NNS;1
JJ NP POS NN IN NN;1
NNS JJ IN NN JJ NN NN;1
NNS IN NN CC JJ NNS;1
JJ NNS IN NN NN;1
JJ NN NN IN JJ JJ NN NN;1
NN IN JJ NNS CC JJ NN;1
NP CC NN NN NP NP NP;1
JJ JJ JJ NN JJ NN IN VBG NN CC NNS IN DT JJ NN;1
NN NN : VB IN JJ NN CC JJ NNS;1
NP NN CC JJ NN;1
NP NP NP JJ CC NP NP NP NP NP CC NP NP;1
JJ NN : NN DT : NN NN;1
VBN NN IN JJ NN NN;1
NN : NN : JJ;1
JJ NN : JJ NN : NN : NN : JJ NN : NN NN;1
NN NN : NN : NN : NN;1
NN NN : NP NP;1
VBN JJ NN NN JJ;1
NN : NP : NN;1
NN DT NN JJ NN;1
NN VBD NN NN CD;1
JJ NN IN NNS IN NN;1
NP NNS NN IN JJ NN NN;1
NN NN : JJ NN : NN : NN NN;1
NN : NN : JJ NN : NN NNS;1
NP NP NP NP NP CD CD;1
RB VBN NN CC NN;1
NN : JJ NN : NN : NN : NN NN;1
NN NP : NN : JJ NN : NN NN;1
JJ JJ NN NN CC NP NN NNS;1
NN : NN NN : NN NN : NNS;1
NN NN JJ NN VB;1
NN : JJ NN : NN NN : JJ NN : NP NP;1
NN NN : NP;1
NN NN NN : NN NN : NN : NN;1
NN JJ VBG NN JJ;1
CD IN NN;1
CD NN NP NP NN CD;1
CD NP CD NP CD NP NP;1
CD NP NP JJ NP;1
CD NP CD POS NP CD POS NN;1
CD NN NP CD NN NNS CD CD;1
CD POS JJ NN;1
JJ NN NN NN VBD NN NP;1
NP NPS NP IN NP NP NP CC NP;1
NP NP NP NP NP NP NP NN CD CD JJ CD CD JJ CD CD JJ CD CD;1
NP CD NN NN NN NN;1
NP NPS NPS IN NP NP;1
NN NP NP NP IN NP NP NP NP;1
NP CD JJ NP;1
NN DT NNS NP NP;1
MD CD NN NN;1
MD CD CD NN;1
NP NP NPS IN NP IN NP NP NP;1
SYM DT CD CD;1
NN VBG NN PP;1
JJ NN NN CD NP;1
NP NP NP IN DT NP NP NP;1
JJ NP NP NP IN JJ NNS;1
RB JJ JJ NN;1
PP$ NN NN;1
NN VBN NP NP NPS;1
JJ NP CD NNS;1
SYM NN DT NPS;1
NN CD NNS NP;1
NNS VBG NP;1
PP POS NN;1
NP NP CD CD JJ NP NP;1
NP NN NP NP NN NP NP;1
JJ NP NP JJ NNS;1
JJ JJ NN VBN NP;1
VBN NP IN NPS;1
NP NP NN VB PP;1
NN NP NP NP JJ NN;1
NP NN CD JJS NN;1
NNS IN NP NP NP NPS;1
NP NPS NP IN NP CC NP NPS;1
NP IN NP PP;1
JJ NP NN NP NP NP;1
NN NN NN CD CD IN NP;1
NN DT '';1
NP NPS NP IN NPS NPS;1
NP CD CD JJ CD CD CD;1
SYM NP NP NP NN;1
NN NP NN CD NN CD NN;1
NN NP NP NP JJ NP;1
NP NP NP CD NN NN NP NP NP NP NP;1
JJ JJ NN NN VBD NN NP;1
NP : NP NN NN;1
NN : NN JJ NN;1
NP NPS NP IN NP NP CC NP;1
NN NP CD NP NPS;1
NP VBD NP NP NP NP;1
NN CD NNS NP NNS;1
NN NN JJ CD NP NNS;1
JJ NP NP NN CD CD NN;1
NP JJ NN NN NP NN;1
NNS VBD NN JJ NN;1
NNS IN JJ NN IN JJ NN;1
NNS JJ IN NN;1
JJ NN NN VBN CD;1
NN JJ JJ NN NN NP;1
NN JJ DT;1
JJ NP NN IN NN NN;1
NNS NP NN NN NN;1
NN NN : NN PP;1
NNS VBN TO;1
NP NPS NP CC NP NP;1
RB PP JJ NN NN;1
NN VBD NN NNS;1
VBG DT NP NP NP;1
JJ NP JJ NN JJ NN;1
JJ JJ NN VB;1
NN VBN NN;1
NN NP NN CD NN NNS;1
NNS VBG NN CD;1
NP NP DT CD NP NP;1
NN NP CD NP NP NP;1
NP CD NP CC NP NP;1
JJ NN JJ NP NPS;1
NN CD '' NP NP NP;1
NNS NN NN NP;1
JJ NP NP NP NN CD NN NP NP;1
NN NP NP IN DT NP;1
VB CC NP;1
JJ NPS NPS;1
JJ NN IN JJ NP NN;1
NN NP NP NP POS NP;1
NP NP NP IN NP CC NP;1
JJ NP NP IN NN CC NP NP;1
JJR JJ NNS;1
NN NP NP CD NN NN;1
VBN JJ NP CD CD NP;1
VBN JJ NP CD CD;1
NNS JJ TO NP;1
JJ CC JJ NN CD NN;1
NN CC JJ NN CD;1
NP NP NP NP NN NNS;1
VBG JJ NN IN NN;1
NP NP NP POS NP;1
NP NPS NP NPS NP;1
NP CC NP NP IN NP CC DT NP;1
JJ NP IN NP NP NP;1
VB NN NN NN;1
NN NP NP NP CD CD CD;1
NNS NP NP NP CD;1
VBD NP NP NNS;1
NP NN CD CD;1
NN NN CD NN CD NN CD;1
NN NN NN VBD JJ NN NP;1
NP CC NP NN NN NNS;1
VBN JJ NP CD NN;1
JJ VBP JJ NN;1
NP NP NN IN NP NP;1
NP NN IN NP JJ NP;1
NP NNS VBG NP;1
JJ NN NN DT JJ;1
NP NPS NP NPS CC NPS NP;1
VBN NN TO NP NP;1
VBZ NP IN NN;1
CD POS NP NP;1
VBN JJ NP CD NP CD;1
NP CC NP NN NNS;1
NN IN NN IN NP NP;1
NN JJ CC JJ;1
JJ JJ VBN JJ NN;1
VBN JJ NN IN NP;1
NN DT NP NPS;1
JJ NP NP NP JJ NP CD;1
NN NN JJ NP CD;1
NN NN CD JJ NN JJ;1
NN VBG JJ;1
JJ NP NP FW NP FW NP;1
JJS NPS;1
NN IN NP NP CC NP NP NNS;1
NP NP IN NNS;1
JJ JJ NN NP NP NP;1
NP NP NN NN NP CD;1
NP CC NP NN NP NP;1
NN DT CD NN CD NP NP;1
NN NN IN NN CC NN NN NN;1
JJ NN NP JJ;1
NP JJ NN NN PP;1
JJ NP NPS NP CD CD NP;1
NP NN IN JJ NN CC NN NN;1
NN NP NP POS NP;1
JJ NP NPS NP CD CD;1
RB NP IN NP NPS;1
LS POS JJ CD NN;1
NN NP NP NP NN NP NP NP CD;1
NN IN NP NP NN;1
NN NN : NN VB;1
NN NNS VBP DT NN;1
NN NN CC NN NN NN;1
NP NN IN;1
JJ NN VBD JJ TO NN NNS;1
NP NP DT NN NP NPS;1
NN JJ NN NN PP;1
NN NN IN NN NN NP;1
JJ JJ VBG NN NN NN;1
VBG NN VBG NN NN NN NN;1
JJ JJ NN IN NN IN DT NN NN;1
NNS VBP NNS;1
JJ NP IN NP NP CC NN NNS;1
JJ JJ NN IN NP NP NP;1
NN IN NN JJ NP NP;1
NP NPS NP POS NP;1
JJ NP NP NP IN NP NP NP;1
NN NP NP NP TO DT NP;1
IN NP NP IN NP;1
JJ NN TO NP NP;1
NN IN NP IN NP NP;1
JJ JJ NN NP NP NP NP NP NP;1
JJ NN NN NN NN NN JJ NN;1
NP JJ JJ CD;1
NN IN NP VBG IN VBG TO NP NNS NN;1
VBN NP CC NP NP NP;1
RB IN JJ JJ JJ NN;1
NN NN NN IN NN NN NN;1
NN NN NN DT;1
JJ JJ JJ NN IN NP NP NP;1
NN NP NP NP CD NP NN;1
NP : NN : NN NN;1
VBN NP CC NP NP;1
NP NP NP NP CC NP NP;1
VBN NP CC NP NP NP NP NP;1
JJ NN IN NN TO NN NP;1
JJ NP NP NP NP CC NP NP;1
NP NP NN VBG NN CD;1
JJ VBG NN IN CD NN;1
VBG JJ NN NN NN NN CD;1
NP NP NP NP NN NP CD;1
NP NP NP NP CC NP NP NP;1
VBN NP CC NP NP NP NP;1
NN NN NN CD NN NP;1
NN NN NN NN NN CD VBG NN CD;1
JJ JJ NN VBG NP CD;1
RB IN DT NNS CC NNS IN NN IN DT JJ NNS;1
JJ NN CC JJ NN NN CD NN;1
NP NP NP NN NN NNS;1
CD NN CD JJ NN;1
DT JJ CD;1
NN JJ NN NN NN JJ;1
NP NP : NN NN;1
VB CD DT;1
JJ NP PP NP CD;1
NNS IN NP CC NP NPS;1
NNS VBP NN;1
NP NP NNS CD CD;1
NN JJ NN NN NN NN NP;1
JJ NN VBN NN CD;1
NP NNS VBD NN NP;1
NN NP NP IN NP NP NPS;1
NP NP NP NN VBD;1
NP NP NP VBD;1
NP PP CD;1
NN NNS NP NP NN;1
NP NP CD NP NP CD NP;1
NN VBD JJ NP CD;1
VBZ NP NPS;1
NN DT NP NN NN;1
NN POS NNS NNS;1
NN NNS VBP CD;1
NN DT CC LS;1
NN VBZ RB;1
NP NP VBZ NNS NN;1
JJ NN NN NP : NP;1
VBN JJ JJ NN CD;1
NP NP VBD CD CD;1
NNS CD JJ;1
NN VBG NP NP IN NP;1
NN IN CD NP NP;1
VBN NN NN CD;1
NP NPS NP NP NP CC NP NP;1
NP NPS NP IN DT NP NP IN NP NP IN NP NP;1
NP NPS NP NP CC NP NP NP;1
JJ VBG JJ NN;1
NN CD NN NN PP;1
NN NN NP DT NN;1
JJ NN CD NN NN NP;1
VBG NN VBG NN DT;1
NN IN NP POS NN;1
VB NP NN JJ;1
JJ NN VBG NN NP;1
JJ NN NN NN CD NP NN;1
NP NP CD NP NP NN CD NP;1
VBN NN NN JJ;1
NN JJ NN JJ NN NN NN CD;1
VB JJ NN NN NN CD;1
NP NPS NP NP IN NPS;1
JJ JJ NN NN NN JJ NN;1
JJ NN NN NN NN JJ NN;1
NN NN CD NP CD NP;1
NN VBN JJ NP NN;1
NN NP NN NP JJ NN NN JJ NN;1
NN NP NN NN NN CD;1
NNS NN NN CD;1
CD SYM JJ;1
DT VBG NN;1
NP JJ NP NP NN;1
NN SYM NP NN;1
NP NPS NP NP IN NP NPS;1
NP NP CC NP JJ NN NN;1
JJ NN VBG NP;1
NP NP CD JJ NN;1
NP NP NN VBD NN NP;1
NP : NP NP NP NN;1
NP NN VBG NN NN;1
NN NN WDT VBZ IN NP;1
IN NN NN CD;1
NN CC NN NN NN CD NN;1
VBG NN JJ NN CD;1
NP CC NP NP JJ;1
PP$ JJ;1
VBN DT CD NN;1
NP NN VBG IN NN NNS;1
NP CC NP JJ NN;1
NP CC NP JJ CD;1
NP NP JJ JJ NN CD;1
CD NNS JJ NP;1
NP RB JJ NNS;1
JJ NN RB VBD IN NN;1
NN CD VBN NN NN;1
JJ NN NN JJ NP;1
LS POS NN NP NP;1
LS POS NP NN NN NP NP;1
JJ DT JJ;1
NNS CD NP;1
NN CD NN CD NP NP;1
DT NP NP NP NPS;1
IN NNS NP;1
VBG NN NN NN NN NP NN;1
VBG IN NP NP;1
NP NN NN NN NN NP;1
NP IN NP NP IN NP NN NP;1
NP IN NP NP IN NP NP;1
NP IN NP NN NP;1
NN NN NN NN NP NN CD;1
NP NN NN CD NNS;1
JJ JJ NN NN NN PP;1
NP NNS NN NN PP;1
NP NNS NN SYM NP;1
RB JJ NP NP NP NP;1
RB JJ JJ NP NP;1
JJ CC NP NP IN NP NP;1
NN CD NN CD NN NN;1
JJ NN NN NP CD NN;1
JJ NP NP NP NP POS NN JJ NP;1
NP NN CD NN NN NP NP;1
NP NP NP IN NPS CC NP NP NP;1
JJ NP NP NPS CC NP;1
NN VBN NP NPS;1
RB IN NNS NP NP;1
NN NN NP NP JJ;1
NN NP NP NP NP NNS;1
NN CD NP NPS;1
CD JJ NP CD NN NP CD CD;1
NP CD POS NP NP NP NP;1
JJ NP NP NP NP CD JJ NPS;1
JJ NP NP NP NP JJ NPS;1
NN NNS JJ NN NP;1
NP NP NP NP IN NPS;1
NP NP NP JJ NPS;1
NN DT NP NP NPS;1
NP NPS NP NNS;1
NP NPS NP NP NNS;1
NP NP VBD CD NP;1
RB RB NP NP CD;1
RB RB NP NP;1
NP CD CD NP NN;1
VBN IN NN NN;1
NN CC NN NP NP;1
JJ NN JJ NN NP NN CD;1
JJ NN JJ NN NP NP;1
NN NN CD NN NP SYM CD;1
NN NN CD NN NP NN CD;1
NP NPS NP NPS IN NP;1
NN CC JJ NN NN CD;1
NN VBD NN NN NN NN;1
NN VBG NP NNS NN NN;1
NN IN NN CD NN;1
JJ NN NP NP JJ NN NN;1
NP CD NP JJ NN;1
JJ NN VBN IN NN NN;1
VBG JJ NN NN NP;1
JJ NN JJ NN NN NP;1
NN NN CD JJ NN;1
NN NN VBG IN NN CD;1
VBN NN IN JJ NN NN IN NP;1
JJ JJ NP NNS;1
VBN NN NN IN NP VBG;1
JJ NN IN NN NN CD;1
VBG NN IN NN DT NP NN NP;1
JJ NN IN CD NN;1
NN NN NN CC NN;1
NN TO;1
NN NP NP NN NN JJ;1
NN JJ NP NNS NN;1
JJ NN NN NN VBN IN NN NNS;1
NN CD CD NN NP NP NP;1
NN IN NN JJ NN NN NNS;1
LS POS NP CD NN;1
NP NP NP NN JJ NN NN;1
CD NP CD NNS;1
JJ NN NN VBG NN CD;1
NP NP CD NN JJ NN;1
CD JJ NP NP NP CD;1
NP NPS NP NP IN NP;1
JJ NN NP CC NP;1
CD JJ NP CD NP CD CD;1
JJ CC JJ JJ NN;1
NP NP CD CC CD NP CD CD;1
CD NP CD NP NP CD NN;1
CD NP NN NP NP NP NN;1
CD JJ CD NN NNS;1
NNS NP NNS;1
NP CD CD JJ CD CD CD CD;1
CD NP CD NN JJ CD CD;1
CD NP NP JJ NNS;1
CD NP CD NN NNS CD CD;1
CD NN NP CD NN JJ NN;1
NN SYM JJ NP;1
VBN NP CD NP NP NP;1
NN NN JJ JJ NNS;1
NP NP VBD NP NP;1
NP VBD NP NP;1
NP IN NP NP NN;1
NP NP CD CD JJ CD CD CD;1
NNS DT;1
NNS SYM NP;1
NNS NN POS;1
JJ NP NP DT NN;1
RB CD DT;1
NN NNS JJ JJ NN;1
NP NN NP NP NP NP NP;1
JJ NN IN NP NP NNS;1
NN IN NP NP NP NP CD NN;1
NN IN NP NP NP NP NP NP CD NN;1
RBR JJ NN;1
VBN NN IN NP NN;1
JJ NP NP NP NP CD NPS;1
JJ JJ NN NP CD NPS;1
NP CD NN NP CD NN NP NP;1
IN NNS;1
NN NP NP VBG NN;1
NP JJ JJ NN NP;1
VBN JJ NP NP NP NP;1
NP POS NN IN NP NP;1
NN NNS IN NNS;1
JJ NP NP CD CD CD;1
NN VBD VB JJ NN;1
NN FW NN NNS;1
NP NP CD NN NN NP NP;1
CD JJ NP CD NN CD NP CD CD;1
NNS CC NNS NN;1
NNS NN DT;1
NN NP NN IN NP NP NP;1
NN JJ NN VBG NN NN;1
JJ NN NN CD NN NP;1
JJ NP NP NP CC NN NNS;1
NN NNS VBP DT;1
NP NP NP SYM;1
JJ NP NN NN NN NN;1
VBG NN VBG NN NN;1
NP NP CD NN CD NN CD CD;1
NP NP NN JJ NP NP CD NP;1
IN NP JJ NN;1
VB NN IN NP;1
JJ NN NN DT NN NN CD;1
JJ NN VBD RB JJ CD NN;1
NN CD JJ NP NN;1
NNS IN VBN NP NN;1
VBG NP VBN IN NP;1
NP NN IN JJ NN NP;1
NP NP IN JJ NN NP;1
RB VBN;1
PP$ CD NN;1
IN VBN NN;1
NN CC NN NN NN CD;1
NP POS NN NP NP;1
NN JJ JJ NN NN CD;1
CD NP NP CD NP NP CD CD CD NP CD CD;1
NP NN CD NN CD;1
NN NN JJ VBN NN NN;1
JJ JJ NN NP NP NP NN;1
JJ NP NP NP NP CD NP;1
NN NN NN NN NN IN JJ NN;1
NP NP NPS POS NN;1
JJ NN NN NN NN NNS;1
NP JJ : JJ NN;1
NNS VBP RB;1
JJ JJ NN NN CD NN JJ NN NN NN;1
NN JJ TO DT JJ NN DT IN NN NN;1
NP CD POS NP NPS;1
NN VBP JJ JJ NN;1
NN NN IN NN NN NN CD;1
NN NN VBN NNS;1
NP NNS CD;1
LS POS '' '' NP NP;1
NN NN VBD JJ NN NN;1
DT NPS;1
NN DT NN NP CD;1
JJ JJ NN NN PP;1
JJ NP NN IN NP;1
DT NP CD NP;1
NN JJ CD NN NN NN;1
NN IN JJ NN NNS;1
NN DT NN : NN DT NN;1
NN JJ VBG NN;1
RB NN NN NN;1
RB VBG JJ NN NN NN;1
JJS JJ;1
NN SYM NN NP;1
NP NP IN NP NN CC NN;1
NNS NP NP NP CD NN;1
NP NP NN NN NP POS;1
NN CD CD CD NP;1
NN DT CD NP NP NP NP;1
NN CC NP NP NN;1
NP FW FW NP NP IN NP NP;1
MD NNS;1
NP NP NP JJ NP NP NP;1
NP NP NPS NP IN NP;1
NN SYM NP NN NP;1
NNS CD NN CD NN CD CD CD CD NP;1
CD CD CD NPS;1
CD CD CD JJ NP;1
NP NP CD NP NP NP NP NP NP;1
CD CD JJ NP;1
VB NP IN DT NN;1
NN NN IN NN VBD JJ NN;1
NN VBG NN NN NP;1
NNS VBG NP CD;1
NP NP NP JJ NP CD;1
NN DT CD NN CD;1
NP NP NP IN NP NP NP NP NP;1
NP NP CC NP NP IN NN NN;1
JJ NN CD JJ NN;1
NP NP CC NP NP IN NP NN;1
NN VBD RP;1
DT NP JJ NP NP;1
NN NNS CD NN NN;1
CC CD NN;1
NN CC NP NN IN NN;1
NN NP NP NP IN NP;1
JJ NP IN JJ;1
IN DT NN NN;1
VB CD NP NN;1
VB DT NP;1
VB NP NP NP NP NP NP CD;1
VB NP NP NP NP CD;1
NP NN NN DT NN;1
SYM CD JJ JJ NN NN;1
SYM NNS NP NP;1
NN VBD NN NN NP;1
JJ NN VBN NN CD NNS;1
NP CC NP NP NP NPS;1
NN NN NP NP NP NP CC NPS;1
NN NN NP NP NP CC NPS;1
NN IN DT NPS;1
NP POS NP NP IN NP;1
NN NN DT NN JJ NN;1
TO NP NP NP NP;1
NN NP NP NP NP NP NP PP;1
SYM NP NP NN NP CD;1
NP NNS VBG NN;1
NN NN IN JJ NP;1
JJ NP NN IN JJ NP;1
NP NP NP NN NP NN;1
JJ DT JJ NN;1
JJ NN DT JJ NN;1
NN NN NN VBG JJ;1
JJ NN NN VBG JJ NN;1
JJ NN NN VBG JJ NN CD;1
JJ NP JJ NP NN;1
JJ JJ JJ NN NN NN NN NN;1
VBN JJ NN NP NP NP;1
NN NN IN JJ NP NN;1
NP CC NN NN NP NP;1
NN PP VBP NN;1
NP NP NN IN JJ NP;1
NN NP NP POS;1
CD IN NP NP;1
NP NP NP NP NP PP$ NP NP;1
NN NNS NN NN VBP;1
RB RB NP NP NP;1
NP NP JJ NN NN NP;1
NP FW NP NP IN NP;1
NP CD CC JJ JJ NN NP NP;1
IN DT NP NP;1
NN CD NN CD NP NP NP;1
NN POS NN IN NP NN;1
NP NN NN VBG NN;1
DT NNS;1
NN VBZ NP NP;1
MD PP JJ;1
NN IN VBG;1
NP NP IN NP IN NPS;1
NP POS NP NP NP NP NP;1
NN IN NPS NP;1
NP NP NP CC NP NP NP IN CD;1
NN NN TO NP;1
VBN NP NP IN NP;1
NNS VBG NN NN JJ NN NN PP;1
JJ NP CD NP NP CD;1
JJ IN VBG;1
NN DT NP NN;1
NP NPS NP IN NP NPS;1
NP NPS NP NPS CC NP NP NP;1
NN CC NP NP NP NP NP;1
VBN NN NP NN;1
CD NN NN NN NP CD NN;1
JJ JJ JJ NN JJ;1
NNS VBP JJ;1
NN VBD NN NP NP;1
NN NN CD '';1
JJ NP VBG NN;1
NP DT CD;1
NN SYM JJ;1
VBN NN NN NNS;1
NP POS NP JJ NN NN;1
SYM NN VBN NN;1
JJ JJ NP POS;1
NN NP NP DT NN;1
NN NNS NN NP NN;1
JJ NN NN JJ NN NN NP NP;1
JJ NN JJ NN NN NP NP;1
NN MD NN PP;1
RB JJ NP NN;1
NP CC NP NN NN NN NN;1
NN DT JJ NP NN;1
NN JJ NN NN NN JJ NN;1
JJ JJ NN NN NN VBG NN;1
JJ NN NN NN JJ NN NN;1
JJR VBG NNS;1
NN NP NN NN VBG NN;1
NN NN NN JJ NNS JJ;1
NP PP VBG NN;1
VBG NN NN PP;1
NP NN NP JJ NN NP;1
NP NN NN NN NN JJ NN;1
NP CD POS;1
NP VBD VBG NN;1
JJ VBD JJ NN;1
VB JJ JJ NN NN NN;1
NN NN NN NN JJ NN NN;1
NN NN NN NN NP CD;1
NN NN JJ CD NN;1
NN JJ NN CC NN;1
NN RB PP;1
RB JJ NN JJ NN NN NN;1
NN JJ NN NN NP NN;1
NN JJ JJ NN JJ;1
NP NP NP IN NP NNS;1
NP CC NP CD NN;1
VB JJ NN NP;1
NP NN NN NN CC JJ JJ NN NN;1
NN : NP NN NP;1
RB JJ NN NP;1
JJ CC NP NNS;1
NNS IN CD;1
VB NP CD NN NNS;1
VBN NN NN NN JJ NN;1
JJ JJ NN NN JJ NN IN NP;1
JJ NN JJ NN NN NNS;1
VBN NN JJ NN PP;1
JJ JJ NP NP NN;1
WP CD;1
NN NN VB PP;1
JJ NP VB;1
VB PP NP NN;1
JJ JJ NN NNS NN;1
JJ NP NN NP NP CD CD;1
NP NN NN NP NN NN;1
NP JJ NN : NP NN;1
VBG NN NN CD;1
JJ JJ JJ NP NN NN NP NN NN;1
CD JJ NN NN JJ;1
LS JJ;1
DT CD DT;1
NP NP NP NP DT NN NNS;1
NP POS NN NP;1
JJ NN VBG JJ;1
NN IN CD NN;1
NP NP NN NN NN NN CD JJ;1
NN NNS NN NN NN NN;1
NP DT NP NP;1
VBG DT NP;1
JJ CC JJ NN NN NN;1
NP NP IN DT NP NP NP;1
NP NP IN JJ NP NN;1
NP NP NN NP JJ NN NP JJ NN;1
NP NP SYM NN NN NN JJ;1
NP NP NP VBG;1
JJ IN DT NP NP;1
JJ NN PP NP NN;1
NP POS NN NN PP;1
JJ NNS IN NP NN;1
NP IN JJ;1
NP CD NP NP NN CD NN;1
TO VB IN NP NP;1
NN VBD NN PP;1
NP NP IN NP PP;1
NP NP CD CD NN CD NP;1
VBN NN IN JJ NP CD;1
JJ JJ IN NN;1
JJ NP POS NN NN CD;1
NN DT CD CD NP;1
NN NN NN IN NN JJ NN NN;1
JJ IN NP NP NN CD;1
NN JJ IN NN;1
NN NN NP IN NP NN;1
NNS IN NN NN;1
JJ IN NP NN CD;1
NP NP NP IN NN;1
NP NP CD NP CD NP NP;1
NP NP NP IN NP NN NN NN;1
IN CD NN NN;1
NP NN NN CD NN NN;1
NN CD JJ;1
VBZ CD NN;1
FW CD NN;1
JJ JJ NN : NP NN;1
NN VBP JJ;1
NN DT NN NN NN;1
JJ JJ NN VBG NN CD;1
JJ JJ NN VBG JJ;1
JJ NN CC NN NNS;1
JJ NP NP CC NP NNS;1
RB JJ JJ NN CD;1
NP JJ NN JJ;1
VBN NNS JJ NN;1
NN NN JJ NN CD NN;1
NP NN NN IN NNS;1
JJ CC NP NPS NP;1
NN NP CD NN POS NN;1
NP VBG;1
NN CD NP NP NP NN;1
VB NN IN NN NN;1
VB NN IN NN;1
JJS;1
NNS NP NP NP CD DT;1
NP NPS IN DT NP NPS;1
NN NP CD IN NNS;1
NN NNS CD NN;1
NNS NP NPS NP NP;1
JJ NNS VBG NN NN;1
NP NP NN IN CD NN;1
MD NP NN NP;1
JJ NN CD : NP CD;1
NP NP NP NN IN JJ NN NN;1
DT NN IN JJ NN;1
NN NN IN CD NN;1
NP NP NN IN NN NP NN NN;1
NP NP NP NN DT JJ NN;1
NP NP NP NP NN IN NN;1
NN NP NP RB CD CD CD;1
VBG NN JJ NN NN;1
NP NP NP NN IN JJ NNS;1
JJ NN NN NP JJ NN;1
VBN NN CD;1
NP NN IN NN NN VBD;1
NP NP NN IN JJ NN NN;1
NP NP NP NN IN NNS;1
NNS NP NP NN CD;1
NP NP DT CD NN;1
JJ NN NN NP NN NN NN;1
NP NP CC NP NN IN JJ NN;1
NP NP CC NP NN IN JJ NN NN;1
CD NN NP CD JJ NNS;1
NP NN IN NN JJ;1
JJ NN IN NN JJ;1
NP NP NN CD IN NN;1
NNS NN IN NN NN;1
NP NP NP NN IN NN NNS;1
NP CD NN IN NN;1
NP CC NP NN IN JJ NNS;1
NP NN VBN NN;1
NN NP NN NP CD NP;1
NN NN IN NN JJ;1
NP NP NN IN NN CD NN;1
NP NP NN IN NN NN NN NN;1
DT NP NN NN IN NN;1
NP NP NN IN JJ NNS;1
NP NN IN NN NP;1
NNS TO NNS;1
MD NN IN NN;1
NP NN IN NN NN : NN NN;1
NP NP CD NN JJ;1
NP NP JJ JJ NNS;1
JJ NN VBG NN JJ NN;1
JJ NN NN CD NP NP NN;1
VBN JJ NN NN NN NN NP;1
NP CD NP CD NP NPS;1
JJ NN IN NN NN : NN NN;1
NN NN IN JJ NN NP NP;1
NP NP CD JJ JJ NN NN;1
VB CD NP NNS;1
VB CD NP NP;1
NN NP NP VBD;1
NN JJ VBN NP NN;1
NN POS NN NN NP;1
JJ NN IN VBG NN;1
NP NN VBD NN NP;1
NP NNS NN NN CD;1
VB CD NN NP;1
JJ NN NN NN NN NP;1
NN IN NN VBG NNS JJ;1
NP NP NP CD NP CD NP NP;1
CD NP JJ NP;1
NN IN DT JJ NP;1
NN CC JJ JJ NN NN CD;1
NN NN VBN NP NN CD;1
NP NN JJ NN JJ;1
UH NP NP NP NP;1
JJ CD NN JJ NN NN;1
JJ JJ NP NN NP;1
NP NN JJ JJ NNS;1
NN NP NP JJ NN NN NN;1
NP NP NP CD NP NPS;1
JJ NP CD NP NPS;1
VBG IN NNS;1
NN NP NN NN NN JJ;1
NP NP IN NP NN NP;1
NP JJ NN IN NP NP;1
NP FW FW NP NP IN NP NN;1
NP NP NP NP NP IN CD NN;1
NP NP NP NP IN CD NN;1
NP NP NP NP NP NP PP;1
VB JJ NP NP NP NN NP;1
VB JJ NN JJ NN;1
VB JJ NP NP NP;1
VB JJ NP NP;1
SYM NP NP NN;1
VB NP NP DT;1
VB NP NP NNS;1
VB NP CD NP NPS;1
JJ JJ NN NN VB;1
VB NP JJ NP;1
PP;1
NP NP NP NN NPS;1
NP NN NP NN CD NP;1
NP POS NN IN NP;1
NP CD : CD;1
NN CC JJ JJ NP;1
NN CC JJ NP CD;1
NP NP NP IN NP NP NP NP;1
NN NN NP JJ NP POS;1
NN DT NP NP NP NP;1
NN DT NP NP NP NP NP;1
JJ IN NP CD;1
RB JJ NP;1
JJ NP : NP NP;1
VBN NP NP NN;1
NN NP NP NNS JJ;1
NN NP NP JJ NP CD;1
NNS NP NP IN NP NN;1
NP NP NP IN NPS;1
NP NP NP NP NP NP NPS;1
NP NP NP IN CD NP;1
NP NP NN IN JJ;1
NNS NNS JJ;1
JJ NP NP NP NP CD CD;1
NP VBD NN NN NN;1
NP NP CC NP NN NP NP CD;1
NP NP CC NP NP NP CD;1
JJ NN NN IN NP NP NP;1
NP NP NP VBD NP NP;1
NP NN NP NPS;1
NN NN NN NP JJ NN NN JJ NN;1
NNS IN NP NP NP CD NPS;1
NNS IN NP NP CD NPS;1
CD NP NP NP CD POS NN NN;1
CD NN CD NP NP;1
NP POS NP NP NP NP;1
VB DT NP NP;1
NP IN NP NP NP NP NP CD;1
VBN CD NP;1
NP NN PP VBP JJ NN DT NN;1
NP NP NP NP NP NP CD CD CD NN CD CD;1
NP NN JJ NN NP;1
RB NP NP CD NP;1
CD NN NP CD NP CD CD;1
VBN IN NP NP NPS CD NP;1
NP NN NN JJ NN NN;1
NNS CD NPS;1
CD CD NP NP NP;1
NN CD CD JJ CD CD CD;1
NP NP IN NP NN NP CD NP;1
NP NP IN NP NP CD NP;1
JJ NNS IN JJ NN NP;1
JJ JJ NP NP NN NN;1
NNS VBG IN NP CC NP NP NP;1
NNS VBG IN JJ JJ NNS IN NP;1
VBN NP CD NP;1
VBN NP NP CD NP;1
NP NP CD NN CD CD;1
NN CC NP NP IN NP NP NP;1
NP NP NN CD CD CD;1
NP FW NP NP IN NP NP;1
NP NN NP NP CD NP NP;1
NP NN NP SYM NN CD;1
NN CD CD CD NN;1
NP NN NP NN NNS;1
NP NN NP SYM VB;1
NP NN NP NN RB;1
NP NN NP SYM UH;1
NP NN NPS SYM JJ;1
LS POS NP CD POS NN;1
NP NN NPS SYM VB;1
NP NN NPS SYM UH;1
NP NN NPS VBG CD;1
NP NP NN NP NP NP NP NP;1
JJ NP IN NP NN;1
VBG JJ CD NN NP;1
VBG JJ CD JJ NP;1
VBN TO NP CC NP NP;1
VBN TO NP CC NP;1
NN IN NP JJ;1
NN NN VBG NP NP;1
VB JJ JJ NP NP;1
IN NN NN NN CD NN;1
IN NN NN NN CD;1
JJR NN IN NP NP;1
JJ JJ CD NN;1
JJ NP NN NP NP NP NP NP;1
NP CC NP NN NN CD;1
NN NN JJ NP NN JJ NN;1
NN IN NP NP NPS;1
CD NP NPS NP IN NP;1
JJ NP JJ NP;1
NN DT NP NP NP NPS;1
NN NN NP NP NP NPS;1
NN NN NN NP NPS;1
NP NP NP NN NN CD;1
NN NP NN CD NP NP NP;1
NP NP NP NP NP CD CD NP;1
JJ NP NP NP CD NN;1
NP NP FW NP;1
NP IN CD NP;1
MD NP NP NP NP NP;1
NP JJ NN IN NP;1
MD NP IN NP;1
NP NP NP NP NP NP IN NP NP NP CD NP;1
NN NP NP NP NP IN NP NP NP CD NP;1
DT NN CC NN NN CD NN;1
CD JJ NP CD NN;1
JJ JJ NN NN VBN NNS;1
JJ IN CD NP;1
JJ NNS DT JJ NN;1
SYM NP NP NN NP;1
SYM NP CD NP NN NPS;1
NN NN CD JJ;1
SYM NN NP NN NP;1
NN NN NN SYM JJ NN SYM JJ NN NN;1
SYM NP NP NP NN NP;1
WP;1
SYM JJ NP;1
SYM JJ NP NP;1
SYM VBZ NP NP;1
LS JJ NP NN NP;1
SYM VBD NPS;1
SYM RB NP;1
NP CD NN CD;1
NN NP NN VBN NN NN;1
VB NP NN NP;1
NP NP IN VBG;1
JJ NN NN NN NN NN NP;1
JJ NNS NN NNS;1
NN NP DT NP;1
NP NP NN NN NN CD NN NN;1
NN NN CC NP CD NN;1
CD NP NN NP CD;1
VBN NP NN NPS;1
NN CD NNS JJ NN;1
JJ NN NN VBN NNS;1
JJ NN NP NN VBN NN;1
NN NN NN JJ CD;1
NN VBG NN CD NN;1
VB NP NN NPS;1
JJ NN NP NN JJ;1
NN VBD CD NN;1
NN NN NP JJ NN NN;1
NP RB VBG;1
NP NP CD CD NP NP CD CD;1
NP NP DT CD NNS;1
UH NP NN NP;1
UH NP NP;1
CD JJ NP CD NN NN;1
DT CC NP NP IN NP NP;1
DT NP CC NP NPS;1
MD;1
DT NP NP NP NP NPS;1
NN VBN NP CD CD NN;1
NN NN NP NP NP CD CD;1
NN NP CD NP NP NP CD NN NP NP;1
JJ VBG NN JJ CD;1
JJ NP NN NP NP NP NPS;1
LS JJ NP NN NPS;1
NN NP NN PP;1
NN NNS VBP NN;1
JJR JJ NN NN;1
NN NN NN VBN NN;1
JJ NN CD NN NN NN;1
NP NN VBG NN VBG NN CD;1
JJ NP VBD NN CD;1
NPS NN IN NN NN;1
NP NP JJ NN NN PP;1
NP JJ CD NP;1
NNS VBP NP NN;1
JJ NN POS NN NN NNS;1
NN VBD JJ JJ NNS;1
IN NP JJ;1
JJ NN NN NN NP NP NN NN;1
JJ NN NN NN NP NN NN;1
CD IN NN NN;1
SYM NN JJ NN CD;1
JJ JJ NN JJ NN NN NN NN;1
DT NN CD IN NN NN;1
JJ VBG NN DT;1
JJ VBG NN NP;1
RB VBN NN NNS;1
JJ JJ JJ NN NN NN NN NN CD NN NN;1
CD NPS NP;1
CD IN NN NNS;1
NN NN CD NP NN NN JJ NN;1
VBG NN NN JJ NN PP;1
NN NN JJ JJ NN IN NN NN;1
IN CD NN;1
