NOM;15000
NOM ADJ;12876
NOM PRP NOM;2644
NOM ADJ ADJ;2480
NOM NOM;2169
NOM PRP:det NOM;1575
NOM PRP NAM;1438
NOM PRP DET:ART NOM;1269
NOM NAM;1221
ADJ NOM;1121
NOM PRP NOM ADJ;1037
NAM;959
NOM PRP:det NOM ADJ;732
ABR;608
NOM PRP DET:ART NOM ADJ;487
NOM ADJ PRP:det NOM;463
NAM NOM;450
NOM NOM ADJ;396
NAM NAM;388
NOM ADJ PRP DET:ART NOM;372
NOM ADJ PRP NOM;345
NOM NUM;333
NOM PRP NOM PRP NOM;284
NOM ABR;262
NOM PRP NOM NUM;226
NOM NAM NAM;194
NOM NOM NOM;182
NOM ADJ PRP:det NOM ADJ;182
NOM ADJ NOM;165
NOM ADJ PRP NAM;164
ADJ NOM ADJ;160
NOM PRP NOM NAM;152
NOM ADJ PRP NOM ADJ;148
NOM PRP NOM PRP:det NOM;147
NOM PRP NOM ADJ ADJ;125
NOM PRP NOM PRP DET:ART NOM;118
NOM PRP:det NOM ADJ ADJ;118
NOM ADJ PRP NOM NUM;114
NOM ADJ PRP DET:ART NOM ADJ;113
NOM PRP:det NAM;104
NOM KON NOM;103
NOM ADV ADJ;102
NOM ADJ ADJ ADJ;99
NOM PRP NOM NOM;98
NOM PRP NOM PRP NOM ADJ;96
NOM ADJ ADJ NOM;94
NAM NAM NAM;92
NOM PRP DET:ART NOM ADJ ADJ;86
NOM ADJ NAM;85
NOM PRP ADJ NOM;79
NOM NUM NOM;77
NOM PRP NAM NAM;77
NOM PRP:det NOM PRP NOM;76
NOM NOM PRP NOM;74
NOM NOM NUM;71
NOM PRP:det NOM PRP DET:ART NOM;67
NOM NOM NAM;64
ADJ NOM NOM;63
NOM ADJ NUM;62
NOM ADJ KON ADJ;62
NOM PRP NAM ADJ;61
NOM PRP NOM PRP NAM;61
NOM PRP DET:ART NOM PRP:det NOM;59
NOM PRP NOM PRP:det NOM ADJ;50
NOM PRP:det NOM PRP:det NOM;50
NOM KON NOM ADJ;49
NOM PRP NAM PRP NOM NUM;47
NOM PRP DET:ART NOM PRP NOM;47
NUM NOM;46
NOM ADJ ADJ PRP DET:ART NOM;45
NOM PRP DET:ART NOM PRP DET:ART NOM;44
NOM PRP DET:ART NAM;43
NOM PRP:det ADJ;42
NOM ADJ ADJ PRP:det NOM;42
NOM NAM ADJ;42
NOM NAM PRP:det NOM;42
NOM PRP:det ADJ NOM;42
NOM ADJ ADJ KON ADJ PRP NOM NUM;41
NOM ADJ PRP:det NAM;41
NOM NOM PRP:det NOM;40
NOM ADJ NOM ADJ;39
NOM PRP:det NOM NOM;39
NOM ADJ ADJ PRP NOM;38
ADJ PRP NOM;38
NOM ADJ PRP:det NOM ADJ ADJ;38
ABR ABR;37
ADJ PRP NOM ADJ;37
ADJ NOM PRP:det NOM;36
NAM NOM NOM;36
NOM NUM PRP DET:ART NOM;36
NOM PRP DET:ART NOM NUM;36
NOM NOM ADJ ADJ;34
NOM ADJ ADJ PRP NAM;34
NOM PRP NAM NOM;33
NOM PRP ADJ;33
NOM PRP NOM PRP NOM NUM;33
NOM PRP NOM PRP DET:ART NOM ADJ;32
NOM PRP:det NOM PRP NOM ADJ;32
ADJ NOM PRP NOM;30
NOM PRP NOM PRP:det NAM;30
NOM NOM NOM ADJ;30
NOM ADJ PRP NOM PRP NOM;29
NAM NAM NAM NAM;28
NOM ADJ ADJ PRP NOM NUM;28
NOM ABR PRP:det NOM;27
NOM NUM PRP DET:ART NOM ADJ;27
NOM PRP DET:ART NOM NOM;27
NAM PRP NAM;27
NOM PRP DET:ART NOM PRP NAM;27
NOM ADJ PRP ADJ NOM;26
ADJ ADV ADJ;26
NAM ADJ;26
NOM NAM NUM;25
NOM PRP NOM ADJ PRP NOM;24
ADJ NOM NUM;24
NOM ADJ ADV ADJ;24
NOM ADJ PRP DET:ART NOM NUM;24
ADJ ADJ;24
NOM PRP DET:ART NOM ADJ PRP:det NOM;24
NOM PRP NOM PRP NOM PRP NOM;23
NOM ADJ PRP NOM NAM;23
NOM PRP:det NOM PRP NAM;23
NAM NOM NUM;22
NOM PRP:det NOM NAM;22
NOM PRP NOM PRP DET:ART NAM;22
NOM NAM PRP NAM;22
NOM PRP DET:ART NOM PRP NOM ADJ;22
NOM NOM PRP NAM;21
NOM ADJ PRP:det NOM PRP DET:ART NOM;20
NOM NAM NOM;20
NUM NOM ADJ;20
NOM ADJ ADJ PRP:det NOM ADJ;20
NOM NOM PRP DET:ART NOM;20
NOM PRP NAM KON NAM;20
NOM ADJ ADJ PRP NOM NAM;20
ADJ NOM ADJ ADJ;20
NOM NUM PRP DET:ART NOM PRP:det NOM PRP:det NAM;20
NOM NOM PRP NOM PRP:det NAM;20
NOM NOM PRP NOM ADJ;19
ABR NUM;19
NOM PRP NOM PRP:det NOM PRP NOM;19
NOM PRP DET:ART NOM NAM;19
NOM PRP NOM ABR;19
NOM PRP DET:ART NOM NOM ADJ;19
NOM ADJ ADJ NAM;19
NOM ADJ NOM PRP:det NOM;18
NOM NAM NAM NAM;18
NOM ADJ PRP NAM NAM;18
NOM PRP NOM PRP:det NOM PRP NOM ADJ;18
ABR NOM;18
NOM PRP NOM ADJ NAM;18
NOM PRP NOM ADV ADJ;18
NOM PRP DET:ART NOM ADJ PRP DET:ART NOM;18
ADJ NOM PRP DET:ART NOM;17
NOM NOM PRP:det NAM;17
NOM ADJ ADJ PRP:det NAM;17
NOM NAM ABR;17
NOM PRP DET:ART NOM PRP:det NOM ADJ;16
NOM ADJ PRP DET:ART NOM PRP NAM;16
NOM PRP NOM KON PRP NOM PRP NOM ADJ;16
NOM ADJ PRP NOM NUM KON ADJ;16
ADJ KON ADJ;16
NOM ADJ NOM NUM;15
NOM ADJ ADJ PRP NOM ADJ;15
NOM PRP NOM PRP DET:ART NOM PRP NOM;15
NOM PRP NOM KON PRP NOM;15
NAM NAM ADJ;15
NOM PRP NOM ADJ PRP NOM ADJ;14
NAM NOM ADJ;14
NOM NAM PRP DET:ART NOM;14
NOM PRP NUM NOM;14
NOM PRP:det NOM NUM;14
NOM PRP NOM ADJ PRP NOM NUM;14
NOM ADJ PRP:det NOM PRP:det NOM;14
NOM PRP NOM KON NOM;13
NOM PRP DET:ART ADJ NOM;13
NOM NOM NOM NOM;13
NOM ADJ ADJ KON ADJ;13
NOM ADJ PRP DET:ART NOM PRP:det NOM;13
NOM PRP:det NOM PRP DET:ART NOM ADJ;13
NOM ADJ PRP NOM PRP NOM NUM;13
NOM PRP NOM ADJ PRP:det NOM;13
NOM ADJ PRP NOM NOM;13
NOM ADJ PRP DET:ART NOM PRP NOM;13
NOM ADJ ADJ ADJ ADJ;12
NOM NAM PRP NOM NUM;12
NOM NAM PRP DET:ART NOM ADJ;12
NOM PRP ADJ NOM ADJ;12
NOM PRP NOM PRP ADJ NOM;12
NOM ADJ PRP DET:ART NOM ADJ ADJ;12
NOM ADJ NOM NOM;12
ADJ NOM NAM;12
NOM PRP NOM PRP NOM NUM PRP DET:ART NAM ADV ADJ;12
NOM PRP NOM PRP:det NOM PRP NOM NUM;12
NOM PRP NOM ADJ PRP NAM;12
NOM NAM PRP:det NAM;11
NOM ADJ NOM NAM;11
NOM PRP NOM ADJ PRP DET:ART NOM;11
NAM ADV ADJ;11
NOM PRP NOM NOM ADJ;11
NOM NAM PRP NOM;11
NOM ADJ PRP DET:ART NAM;11
NOM ADJ PRP NOM PRP:det NOM;11
NOM PRP NOM ADJ NOM;11
NOM PRP:det NOM ADJ PRP:det NOM;11
NOM PRP DET:ART NOM PRP:det NOM PRP:det NOM;11
NOM ABR ABR;11
NOM ADJ PRP:det NOM PRP NOM;11
NOM ADJ PRP NOM ADJ ADJ;10
NOM ADJ ADJ ADV ADJ;10
NOM PRP ADJ NOM NUM;10
NOM PRP NOM NOM NOM;10
NOM KON NOM PRP:det NOM;10
NOM ABR ADJ;10
NOM PRP:det ADJ PRP NOM NUM;10
NOM ADJ ADJ PRP DET:ART NOM ADJ;10
NOM PRP:det NAM NOM;10
NOM KON NOM PRP DET:ART NOM;10
NOM ADJ ADJ NOM NUM;10
NOM ADJ KON NOM;10
NOM NOM NOM NUM;9
NOM NUM PRP NAM;9
NOM ADJ PRP DET:ART NOM NOM;9
NOM NAM NOM ADJ;9
NOM ADJ PRP NOM NOM NOM;9
NAM NAM NOM;9
ADJ NOM NOM ADJ;9
NOM NAM PRP:det NOM ADJ;9
NOM NOM ADJ NOM;9
NOM PRP NOM ADJ PRP:det NAM;9
NOM PRP DET:ART NOM PRP DET:ART NOM ADJ;9
NOM ABR PRP NOM;9
ADJ NOM PRP NOM ADJ;9
NOM PRP NOM PRP:det NOM NOM;9
NOM KON NOM PRP NOM;9
NOM PRP:det NOM KON PRP:det NOM;9
NOM PRP NOM PRP:det NOM NAM;9
NOM ADJ PRP DET:ART NOM PRP DET:ART NOM;8
NOM VER:ppre NOM;8
NOM PRP:det NAM NAM;8
NOM PRP NOM PRP NOM NAM;8
NOM ADJ VER:ppre;8
NOM PRP DET:ART NOM KON PRP:det NOM;8
NOM NOM ABR;8
ADJ NOM ABR;8
NAM PRP:det NOM;8
ADJ NOM NOM NOM;8
NOM NOM PRP:det NOM ADJ;8
NOM PRP:det NOM ADJ NAM;8
NUM PUN;8
NOM PRP DET:ART NAM NOM;8
NOM PRP:det NOM ADJ PRP NOM ADJ;8
NOM PRP NAM PRP DET:ART NOM;8
NOM KON NOM NOM;8
NOM PRP DET:ART NOM ADJ PRP DET:ART NOM ADJ;8
NAM NAM NUM;8
NOM PRP DET:ART ADJ;8
NOM PRP:det NOM PRP NOM NUM PRP DET:ART NAM ADV ADJ;8
NOM NOM VER:pres NOM;8
NAM VER:simp NOM;8
NOM ABR NOM;8
NOM VER:pper PRP NAM;8
NOM PRP:det NOM PRP:det NOM ADJ;8
NOM PRP DET:ART NOM ADJ PRP NAM;7
NOM PRP NOM PRP NOM KON PRP NOM;7
NOM PRP NOM PRP:det NOM ADJ PRP:det NOM;7
NOM PRP DET:ART NUM NOM ADJ;7
NOM PRP:det NOM PRP NOM NOM;7
ADV ADJ;7
ADJ NAM NAM;7
NOM PRP NOM PRP:det NAM NOM;7
NOM PRP NOM PRP NOM PRP:det NOM;7
NAM VER:pres NUM;7
ADJ PRP NOM PRP NOM;7
NOM VER:ppre;7
NOM PRP DET:ART ADJ NOM ADJ;7
NAM VER:pres ADJ;7
VER:pper PRP:det NOM ADJ ADJ;7
VER:pres VER:pper ADJ;7
NOM NUM NUM;7
NOM PRP NOM ADJ NUM;7
NOM PRP:det NOM ADJ NUM;7
ABR NAM;7
NOM ADJ VER:pper PRP DET:ART NOM PRP:det NOM ADJ;7
ADJ NOM NOM ABR;7
ADJ NOM ADJ ADJ NAM;7
NOM PRO:PER VER:ppre PRP:det NAM;7
NOM VER:ppre PRP:det NOM;7
NOM PRP DET:ART NOM VER:pper PRP DET:ART NOM;7
NOM ADJ NUM NOM;7
NOM PRP NOM PRP:det NOM PRP:det NOM;7
NOM PRP NOM PRP DET:ART NOM PRP:det NOM;6
NOM PRP NAM VER:pres VER:pper;6
NOM PRP NOM VER:simp;6
NOM ADJ PRP:det NOM NOM;6
VER:infi;6
NOM PRP NOM VER:pper PRP:det NOM;6
NOM ADJ PRP:det NOM PRP:det NOM ADJ;6
NOM VER:pper PRP DET:ART NOM NOM;6
NOM ADJ PRP NOM KON PRP NOM;6
NOM VER:pper PRP DET:ART NAM;6
ADJ NAM;6
NOM ADJ VER:pper PRP NOM NUM;6
NOM NOM PRP DET:ART NOM ADJ;6
NAM NAM NAM NAM NAM;6
NOM ADJ VER:pres ADV VER:pper;6
NOM PRP:det NUM NOM;6
NOM PRP:det NOM ADJ PRP DET:ART NOM;6
NOM PRP DET:ART NOM ADJ PRP NOM;6
NOM PRP NOM PRP NAM VER:pres NUM;6
NOM ADJ PRP:det NOM PRP DET:ART NOM ADJ ADJ;6
NOM NOM NOM NAM;6
NOM VER:pper PRP NOM NOM;6
NOM VER:ppre DET:ART NOM ADJ;6
NOM PRP NOM PRP NOM VER:pper;6
NOM VER:pres VER:pper;6
NOM PRP DET:ART NOM ADJ PRP NOM NAM;6
VER:pper PRP NOM NUM;6
NOM PRP NOM NAM NAM;6
NOM NOM PRP NOM NAM;6
NOM PRP:det NOM PRP:det NOM ADJ PRP DET:ART NOM NAM;6
NOM PRP:det NOM PRP:det NOM ADJ PRP:det NAM PRP DET:ART NOM NAM;6
NOM ADJ VER:ppre PRP DET:ART NOM ADJ PRP:det NAM PRP:det NOM NAM;6
NOM PRP:det NOM PRP:det NOM NOM PRP DET:ART NOM NAM;6
NOM PRP:det NOM PRP:det NOM ADJ PRP:det NOM NAM;6
ADJ PRP DET:ART NOM ADJ ADJ PRP NOM NUM;6
NOM PRP:det NOM NOM ADJ;6
NOM ADJ NOM PRP:det NAM;6
NOM PRP DET:ART NOM ABR;6
NOM ADJ NOM PRP NAM;6
NOM ADJ PRP:det NOM PRP NAM;6
NOM ADJ ADV PRP ADJ NOM;6
NOM PRP NAM PRP:det NAM;6
NOM NUM ADJ;6
NOM NOM ADJ NAM;6
NOM NAM PRP:det NOM NAM;6
NOM ADJ PRP ADJ NOM ADJ;6
NOM PRP NOM PRP:det NOM PRP NOM ADJ PRP NOM NUM;6
NOM NUM PRP DET:ART NOM PRP:det NOM PRP:det NOM PRP NOM ADJ;6
NOM PRP NOM PRP:det NOM PRP NOM ADJ PRP DET:ART NOM;6
NOM PRP:det NOM NAM PRP NOM NUM;6
NAM ADV ADJ PRP NOM NUM;6
NOM ADJ ADJ PRP:det NOM ADJ ADJ;6
NOM ADJ VER:pper PRP DET:ART NUM;6
VER:pper PRP NAM;6
NOM ABR PRP NOM NUM;6
NOM ADJ PRP DET:ART ADJ NOM;5
NOM PRO:PER VER:ppre PRP:det NOM;5
NOM PRP DET:ART NOM PRP:det NOM PRP DET:ART NOM;5
ADV VER:pper;5
NOM ADJ KON PRP NOM;5
NOM VER:pper PRP PRP:det NOM;5
ADJ NOM ADJ NOM;5
NOM PRP:det NOM NOM PRP NOM NUM;5
NAM NAM VER:pres;5
NAM VER:pres NOM NOM;5
NOM NAM NAM NAM NAM;5
NOM NAM NOM NOM;5
NOM PRP DET:ART ADJ ADJ;5
NOM VER:pper PRP DET:ART NUM;5
NAM VER:futu NAM;5
NOM NOM ADJ KON ADJ;5
NOM ABR NUM;5
NOM NOM VER:simp;5
NOM PRP:det NOM PRP NOM PRP NOM;5
NOM ADJ PRP:det NOM NAM;5
NOM ADJ PRP DET:ART NOM PRP NOM ADJ;5
NOM VER:pper PRP DET:ART NOM PRP:det NOM;5
NOM PRP:det NOM PRP ADJ NOM;5
NOM PRP ADV ADJ NOM;5
NOM ADJ NOM ADJ ADJ;5
NOM PRP NOM VER:pper PRP NOM ADJ;5
NOM NOM VER:ppre;5
NOM PRP ADJ NAM;5
NOM NOM PRP NOM NOM;5
NOM NOM ADJ PRP:det NAM;5
NOM PRP DET:ART NOM ADJ PRP:det NAM;5
ABR PRP NOM ADJ;5
NOM NUM VER:pper;5
NOM PRP DET:ART NOM ADJ NAM;5
NOM ADJ NAM NAM;5
NOM NOM ADJ PRP:det NOM;5
NOM ADJ VER:simp NOM;5
NOM NOM ADJ NUM;5
NOM NOM KON NOM;5
ABR NAM NAM;5
NOM PRP NOM PRP NOM PRP NOM ADJ;5
NOM NAM NUM NOM;5
NOM ADJ NOM PRP NOM;5
NOM PRP NOM ADJ PRP NOM PRP NOM;5
NOM KON NOM PRP NOM ADJ;5
NAM PRP DET:ART NOM;5
NOM ADJ PRP DET:ART ADJ;5
NOM PRP:det NOM ADJ NOM;5
NOM PRP:det NOM PRP DET:ART NOM ADJ ADJ;5
NOM ADJ PRP NOM PRP DET:ART NOM;5
NOM PRP NOM ADJ ADJ ADJ;5
NOM PRP NAM VER:pres NUM;5
NOM ADJ PRP DET:ART NUM NOM ADJ;5
ADV PRP:det NOM;5
ADJ NOM PRP:det NOM ADJ;5
NOM VER:pper PRP:det NOM PRP DET:ART NOM;5
NOM ADJ PRP:det NOM PRP NOM ADJ;5
NOM PRP:det NOM ADJ ADJ VER:pper PRP:det NAM;5
NOM PRP NOM NUM ADJ ADJ;4
NOM PRP NOM NUM ADJ VER:ppre;4
NOM VER:pper PRP PRP:det NOM ADJ;4
NOM PRP:det NOM PRP:det NOM NAM;4
VER:simp ADJ;4
NAM VER:ppre;4
NOM VER:ppre DET:ART NOM NAM;4
NOM PRP:det NOM NOM NOM NAM;4
NOM ADJ ADJ NOM NAM;4
NOM VER:ppre DET:ART NOM PRP DET:ART NOM;4
ADJ PRP ADJ NOM;4
VER:ppre NOM;4
NOM PRP NOM PRP:det NOM ADJ ADJ;4
NOM VER:pres;4
NOM ADJ PRP ADJ;4
NOM NOM NUM NOM;4
NOM PRO:PER VER:ppre PRP DET:ART NOM;4
NOM ADJ VER:pper PRP DET:ART NOM NAM;4
NOM ADJ PRP:det ADJ;4
NOM VER:infi NOM;4
NOM PRO:PER VER:pres VER:pper;4
NOM PRP NOM ADJ ADV ADJ;4
NOM PRP NOM NOM PRP NOM;4
ADV PRP DET:ART NOM;4
NOM PRP:det NAM ADJ;4
NOM ADJ VER:ppre DET:ART NOM;4
NOM PRP NOM NOM NUM;4
NOM ADJ PRP ADJ KON ADJ NOM VER:pper;4
NOM VER:ppre NAM;4
NUM ADJ;4
NOM NUM PRP DET:ART NOM PRP:det NAM NOM;4
NOM KON NOM ADV ADJ;4
NOM NUM PRP DET:ART NOM PRP:det NAM;4
NOM ADJ VER:ppre PRP DET:ART NOM NOM PRP:det NAM PRP:det NOM NAM;4
NOM PRP:det NOM PRP:det NOM NOM PRP:det NAM PRP DET:ART NOM NAM;4
NOM ADJ VER:ppre PRP:det NOM;4
NOM PRP:det NOM PRP:det NOM ADJ PRP:det NOM ADJ PRP DET:ART NOM NAM;4
NOM PRP:det NOM PRP:det NOM ADJ PRP:det NOM ADJ PRP:det NOM NAM;4
NOM PRP:det NOM PRP:det NOM NOM PRP:det NOM ADJ PRP DET:ART NOM NAM;4
NOM PRP:det NOM PRP:det NOM NOM PRP:det NOM NAM;4
NOM PRP:det NOM PRP:det NOM NOM PRP:det NOM ADJ PRP:det NOM NAM;4
NOM PRP NOM NUM VER:ppre;4
NAM ADJ NOM NOM;4
NOM PRP:det NOM NUM PRP DET:ART NOM ADJ PRP NOM NAM;4
NOM ADJ ADJ PRP:det NOM PRP DET:ART NOM ADJ ADJ;4
NOM PRP DET:ART NUM NOM;4
NOM NOM ADV ADJ;4
NOM NOM PRP DET:ART NOM PRP:det NAM;4
NOM NUM PRP DET:ART NOM PRP NOM PRP NOM ADJ;4
NOM VER:pper PRP:det NOM PRP DET:ART NOM ADJ;4
NOM ADJ PRP:det NOM ADJ ADJ NOM;4
NOM PRP:det NOM ADJ ADJ NOM;4
NOM PRP NAM VER:pres NOM ADJ;4
ABR PRP DET:ART NOM ADJ ADJ;4
NOM NUM PRP DET:ART NOM ADJ ADJ;4
NOM ADJ PRP NOM VER:simp;4
VER:infi VER:pper;4
NOM NOM NAM NAM;4
NOM PRP NOM PRP NOM PRP NAM;4
NOM ADJ PRP NOM PRP:det NOM ADJ;4
NOM VER:pper PRP NOM NUM;4
NAM NAM NAM NUM;4
NOM ADJ ADJ ADJ PRP NOM NUM;4
NOM VER:pper PRP DET:ART NOM NAM;4
NOM PRP DET:ART NOM PRP:det NAM;4
NOM PRP DET:ART NOM ADJ KON ADJ;4
NOM PRP NOM PRP DET:ART NOM NAM;4
NOM PRP NOM PRP ADJ;4
NOM ADJ PRP NOM VER:pper;4
ADJ NOM PRP NOM NUM;4
NOM NUM PRP DET:ART NOM PRP:det NAM ADJ;4
NOM ADJ PRP:det ADJ NOM;4
NOM PRP NOM PRP:det NOM PRP:det NOM ADJ;4
NOM VER:pres VER:pper PRP DET:ART NOM;4
NOM PRP DET:ART ADJ NOM NOM ADJ;4
NOM PRP NOM ADJ KON ADJ;4
NOM PRP DET:ART NOM KON PRP DET:ART NOM;4
NAM ADJ NOM;4
ADJ PRP DET:ART NOM;4
NOM PRP NOM ADJ PRP NOM PRP NOM NAM;4
NOM PRP NOM NOM PRP NOM PRP NOM NAM;4
VER:pres ADJ ADJ;4
NOM NAM ADJ PRP:det NOM;4
NAM NOM NOM NOM;4
NOM ADJ ADJ PRP ADJ NOM;4
ABR ABR NOM;4
SYM;4
NOM PRO:PER VER:pres NAM;4
VER:simp NOM NOM;4
NOM PRP DET:ART NOM KON PRP:det NOM ADJ;4
NOM VER:ppre DET:ART NOM PRP NOM;4
NOM ADJ ADJ VER:pper PRP:det NAM;4
ABR PRP NOM NUM;4
NOM ADJ PRP NOM PRP NOM ADJ;3
NOM VER:pper NOM ADJ;3
NOM NOM VER:pper PRP:det NOM;3
VER:simp NOM NUM;3
NOM PRP NAM PRP NOM;3
NOM ADJ ADJ NOM ADJ;3
NOM ADJ ADJ VER:pper PRP:det NOM;3
NOM PRP:det PRO:PER;3
NOM PRP:det NOM PRP DET:ART NOM ADJ PRP NOM NAM;3
NOM PRP:det NOM NOM PRP NUM;3
NOM PRP PRP DET:ART NOM;3
NAM NOM NAM;3
NUM PUN NOM;3
NOM VER:ppre DET:ART NOM PRP:det NOM;3
NOM PRP NOM NUM VER:pper PRP NOM;3
VER:ppre NOM NOM;3
NOM PRP:det NOM ADJ KON ADJ;3
PRP NOM;3
NOM PRP NOM ADJ PRP ADJ NOM;3
NOM PRP NOM VER:pper PRP:det NAM;3
NOM PRP:det NOM ADJ ADJ ADJ;3
NOM PRP NAM PRP:det NOM;3
NOM PRP ADJ NOM NOM;3
NOM VER:pper PRP NOM ADV ADJ;3
NOM PRP NAM PRP NAM;3
NOM PRP:det NOM PRP VER:infi;3
NOM PRP:det NOM VER:pper PRP DET:ART NOM;3
PRO:DEM;3
NOM PRP:det NOM PRP:det NOM PRP:det NOM;3
NOM VER:pper PRP DET:ART NOM PRP DET:ART NOM;3
ADJ NOM VER:pper PRP DET:ART NOM PRP:det NOM ADJ;3
NOM PRP:det NOM ADJ KON PRP:det NOM ADJ;3
NAM NAM NAM VER:futu NAM;3
NOM PRP NAM PRP DET:ART NOM ADJ;3
ADJ NOM PRP DET:ART NOM PRP NAM;3
ADJ ADV VER:pper;3
NOM ADJ PRP NOM NOM ADJ;3
ADJ NOM PUN ADJ;3
NOM PRP VER:infi PRP NOM ADJ;3
NOM NOM ADJ PRP NOM NUM;3
NOM PRP NOM PRP NUM NOM;3
NOM VER:pper ADV;3
NOM ADV ADJ ADJ;3
NOM NUM NOM NOM;3
NUM NOM PRP:det NOM;3
NOM PRP DET:ART NOM ADJ PRP:det NOM ADJ;3
NOM PRP:det NOM KON NOM;3
NOM VER:simp NOM;3
ADJ NOM NOM NAM;3
NOM ADV PRP:det NOM PRP NOM;3
NOM ADJ VER:ppre PRP DET:ART NOM ADJ PRP:det NOM PRP:det NOM NAM;3
NOM PRP ADJ NOM NAM;3
NOM PRP NAM NAM NAM;3
NOM KON NOM PRP NOM PRP NOM;3
ADJ PRP NOM PRP DET:ART NOM;3
NOM PRP NOM PRP DET:ART NOM PRP DET:ART NOM;3
NOM KON NAM KON NAM;3
NOM VER:ppre PRP NOM;3
NAM NOM ADJ NOM;3
NOM ADJ ADJ ADV VER:pper;3
NOM NOM PRP NOM PRP:det NOM;3
NOM ADJ VER:pper PRP DET:ART NOM ADJ;3
NOM ADJ PRP ADJ NAM;3
NOM ADJ VER:subp NOM NUM;3
NOM PRP NAM PRP DET:ART NAM;3
NOM PRP DET:ART NOM VER:pper;3
NOM ADJ PRP NOM PRP:det NAM;3
NOM ADJ PRP:det NUM NOM;3
VER:pper PRP NOM PRP NOM ADJ;3
NOM PRP NOM PRP NOM ADJ ADJ;3
NOM PRP NOM ADJ PRP:det NOM ADJ;3
NOM PRP NOM NUM ADJ;3
NOM PRP NOM NUM NOM;3
VER:pper PRP:det NOM ADJ ADJ NOM;3
ADJ PRP NOM PRP:det NOM ADJ;3
NOM NUM NAM;3
NOM ADJ PRP:det NUM;3
NOM PRP:det NUM;3
ABR PRP NOM PRP:det NOM;3
ABR PRP NOM PRP:det NOM NAM;3
NOM PRP PRO:PER;3
NOM NOM ADJ VER:pper;3
NOM NAM VER:pper;3
NOM NAM ADV ADJ;3
NOM ADJ VER:pper VER:pper;3
NOM VER:pper ADJ PRP:det NOM ADJ;3
NOM VER:pper ADJ PRP:det NOM;3
NUM NUM;3
NOM ADV ADJ PRP NOM ADJ;3
NOM PRP NOM PRP NOM PRP DET:ART NOM;3
ABR VER:pper PRP DET:ART NOM ADJ;3
NOM VER:ppre DET:ART NOM PRP NOM PRP NOM;3
NOM NOM ADJ PRP NOM;3
NOM PRP:det NOM ADJ PRP NOM;3
NOM PRP:det NOM PRP:det NOM PRP NOM;3
ADJ NOM KON NOM;3
NOM VER:pper VER:pper;3
ADJ NOM VER:subi NOM;3
NOM KON VER:pper;3
NOM PRP NAM NUM;3
NOM NUM PRP:det NOM;3
NOM PRP DET:ART NOM ADJ PRP DET:ART NOM PRP:det NOM;3
NOM KON NOM ADJ ADJ;3
VER:pper KON VER:pper;3
NOM PRP NOM PRP:det NOM VER:ppre PRP DET:ART NOM NAM;3
NOM ADJ PRP NOM ADJ VER:pper;3
NOM PRP NOM PRP NOM PRP DET:ART NAM;3
NOM PRP NOM PRP NOM PRP DET:ART NOM PRP NOM;3
VER:ppre DET:ART NAM;3
NOM ADJ ADJ PRP NOM NOM;3
ADJ NOM ADJ ADJ ADJ;3
NOM VER:ppre PRP DET:ART NOM ADJ;3
NOM PRP ADJ NOM ADJ KON ADJ;3
NOM PRP NAM PRP NOM NAM;3
VER:pper PRP NOM ADJ ADJ;3
NOM ABR PRP NOM ADJ;3
ADJ NOM VER:pres NOM;3
ADJ VER:ppre DET:ART NOM;3
NOM PRP ADJ NOM ABR;3
NOM NUM PRP NOM ADJ;3
NOM PRP NAM PRP NOM ADJ;3
VER:pper PRP DET:ART NOM ADJ;3
NOM ADJ PRP DET:ART NAM ADJ;3
NOM ADJ ADJ PRP DET:ART NOM PRP:det NOM;3
NOM ADJ PRP DET:ART NOM NAM;3
NOM ADJ NAM ABR;3
NAM VER:pres VER:pper;3
ADJ NOM PRP:det NOM VER:pper;3
NOM ADJ PRP:det NOM PRP NOM NUM;3
NOM NUM NOM ADJ;3
NOM PRP:det NOM KON PRP:det NOM ADJ;3
NOM VER:ppre PRP:det NOM ADJ;3
NOM VER:pres NOM NUM;3
NOM ADJ VER:pres NOM;3
NOM NAM PRP NOM ADJ;3
NOM ABR PRP NAM;3
ABR PRP NOM;3
NOM NAM DET:ART NAM;3
NOM ADJ PRP DET:ART NOM PRP:det NOM ADJ;3
NOM PRP NOM PRP NOM ADJ PRP NOM;3
NOM ADJ ADV VER:pper;3
VER:pper PRP NOM PRP NOM;3
NOM ADV NOM;3
NOM NUM PUN NAM;3
ADJ NOM PRP DET:ART NOM ADJ;3
NOM NOM VER:pres ADJ;3
NUM NOM PRP NOM;3
NUM NOM PRP DET:ART NOM;3
NOM ADJ PRP NAM PRP NAM;3
NOM PRP ADJ NOM PRP DET:ART NOM;3
NOM VER:simp PRP NOM;3
NOM PRP NOM PRP NOM NOM PRP NOM;3
NOM PRP NOM KON PRP NOM PRP NOM;3
VER:simp ADJ NOM;3
NOM NOM PRP:det NOM PRP NOM NOM;3
NOM NOM VER:pper PRP NOM NUM;3
ADJ PRP ADJ NOM PRP DET:ART NOM;3
ADJ PRP ADJ NOM VER:pper;3
ADJ NOM NOM ADJ NOM NUM;3
NOM ADJ PRP NOM PRP NAM;3
NAM NAM NAM NAM NAM NAM;3
NOM PRP:det NAM NOM PRP:det NAM;3
NOM PRP NOM PRP PRP:det NOM ADJ;3
NOM PRP:det NOM PRP NOM NUM;2
NOM PRP NOM VER:pper PRP NAM;2
ABR ADJ;2
NOM ADJ KON PRP DET:ART NOM;2
NOM NOM NOM PRP NOM;2
NOM PRP:det NOM PRP:det NOM KON PRP DET:ART NOM;2
NOM NOM NUM PRP NOM;2
NOM ADJ PRP:det NOM ADJ KON ADJ;2
NOM ADJ ADJ KON PRP DET:ART NOM;2
NOM ADJ PRP DET:ART NOM ADV ADJ;2
NOM ADJ VER:subp VER:pper;2
NOM PRP PRP DET:ART NOM ADJ;2
NOM PRP:det NOM VER:impf ADJ;2
NAM VER:pres VER:pper PRP DET:ART NAM;2
NOM VER:ppre DET:ART NOM NOM;2
NAM VER:futu SYM;2
NOM VER:pper PRP:det NAM NAM;2
PRP NUM;2
NOM ADJ VER:pper PRP:det NOM KON PRP:det NOM;2
NOM VER:ppre PRP NOM ADJ;2
NOM PRP NAM ADJ NOM;2
NOM PRP DET:ART NOM ADJ NOM;2
VER:pper PRP NOM PRP:det NOM PRP NOM;2
NOM NUM PRP NOM;2
NOM PRP NOM PRP:det ADJ NOM;2
ADJ NOM PRP ADJ NOM;2
NOM ADJ VER:pres NOM NOM;2
NOM PRP NOM PRP:det NOM VER:pres VER:pper ADJ;2
NOM ADJ VER:pper PRP NAM;2
NOM PRP:det NOM VER:pper PRP DET:ART NOM ADJ;2
NOM VER:ppre DET:ART NOM PRP DET:ART NOM ADJ;2
NOM NOM ADJ PRP NOM ADJ ADJ;2
NOM VER:pper VER:pper PRP DET:ART NOM;2
NOM PRP:det NOM PRP NOM PRP DET:ART NOM;2
PUN NOM;2
NOM PRP ADJ NOM ADJ ADJ;2
NOM PRP NOM PRP:det NOM PRP DET:ART NOM ADJ;2
NOM VER:ppre PRP DET:ART NOM NOM;2
ADJ PRP NOM PRP:det NOM PRP DET:ART NOM ADJ;2
NOM NAM KON NAM;2
NOM VER:ppre DET:ART NOM VER:ppre PRP DET:ART NOM NAM;2
NOM PRP:det NOM PRP DET:ART NOM ADJ PRP DET:ART NOM;2
NOM PRP:det NOM VER:pper ADJ;2
NOM PRP NAM ADJ NAM;2
ADJ KON NOM PRP NOM;2
ADJ PRP NOM ADJ KON ADJ;2
ADJ PRP NOM PRP NOM KON PRP NOM;2
NAM NAM PRP DET:ART NOM;2
NAM NAM VER:futu NAM NAM;2
NOM VER:pres ADJ;2
NOM PRO:PER VER:ppre PRP:det NOM VER:ppre PRP DET:ART NOM NAM;2
NOM ADJ KON ADJ NOM;2
NOM PRP NAM VER:pres;2
ADJ NOM PRP NOM ADJ NUM;2
NOM PRO:PER VER:ppre PRP DET:ART NOM NAM;2
ADJ PRP NUM NOM;2
NOM PRP DET:ART NAM PRP NOM;2
NOM PRP DET:ART NOM PRP DET:ART NAM;2
NOM PRP:det NOM ADJ PRP:det NOM ADJ;2
VER:infi NOM;2
NOM NOM NOM NUM PRP NUM;2
NOM PRP:det NAM PRP NOM NUM;2
NOM NOM PRP NOM NOM ADJ;2
ADJ PRP DET:ART NOM ADJ PRP NOM NUM;2
NAM NAM NAM VER:futu NAM NAM;2
NOM PRP NOM NUM PRP:det ADJ NOM PRP NOM;2
ADV;2
NOM NOM NAM VER:futu NAM NAM;2
NOM PRP:det ADJ NOM NOM;2
NOM NOM VER:pper PRP DET:ART NAM;2
NAM NAM PRP:det NOM PRP DET:ART NOM ADJ;2
NOM PRP NAM NAM KON NAM;2
NOM PRP PRP NOM;2
NOM VER:pper PRP:det NOM NUM;2
NOM PRP DET:ART NAM VER:pper;2
NOM PRP NOM ADJ PRP DET:ART NAM;2
NAM NAM PRP:det NAM;2
NOM ADJ PRP ADJ NOM PRP NOM ADJ ADJ;2
NUM ADJ NOM;2
NOM PRP:det NOM NUM PUN;2
NOM ADJ PRP DET:ART NUM PUN;2
NOM ADJ PRP ADJ NOM PRP NAM ADJ;2
NOM PRP NOM PRP NOM PRP NUM NOM;2
NOM NOM NOM VER:pres;2
NOM PRP DET:ART NAM ADJ;2
NOM NAM PRP DET:ART NAM;2
NOM PRP:det NOM PRP ADV ADJ NOM;2
NOM PRP DET:ART NOM NUM PRP:det NOM ADJ;2
ADJ PRP ADJ NOM PRP NOM;2
NOM PRP DET:ART NOM KON PRP:det NOM PRP:det NOM;2
NOM VER:pper PRP NAM ADJ;2
NOM VER:pper PRP:det ADJ NOM ADJ;2
NOM ADJ VER:pper PRP DET:ART NOM PRP DET:ART NOM;2
NOM ADJ PRP PRP DET:ART NOM ADJ ADJ;2
NOM NAM NOM NUM;2
NOM PRP:det NOM PRP:det NOM PRP DET:ART NOM NAM;2
NOM PRP:det NOM VER:ppre PRP DET:ART NAM PRP:det NOM NAM;2
NOM ADJ VER:ppre PRP DET:ART NOM PRP:det NOM PRP:det NOM NAM;2
NOM ADJ PRP:det NOM PRP:det ADJ;2
NOM ADJ PRP:det NOM KON PRP:det NOM;2
NOM PRP:det NOM PRP:det NOM VER:pper PRP DET:ART NOM NAM;2
NOM PRP DET:ART NOM NUM PRP:det NAM NOM;2
VER:pres PRO:PER ADJ;2
NOM PRP DET:ART NOM KON DET:ART NOM;2
NOM PRP NOM KON PRP NOM ADJ;2
NOM PRP NOM ADJ VER:pper PRP NOM;2
NOM ADJ VER:ppre PRP DET:ART NOM NOM PRP:det NOM PRP:det NOM NAM;2
ADV NOM;2
NOM ADJ ADJ PRP:det NOM PRP:det NOM;2
NOM PRP VER:infi NOM;2
NOM PRP:det NOM PRP:det NOM ADJ PRP:det NOM PRP:det NOM PRP:det NOM NAM;2
NOM PRP:det NOM PRP:det NOM ADJ PRP:det NOM PRP DET:ART NOM PRP:det NOM NAM;2
NOM ADJ PRP:det NOM ADJ PRP:det NOM NAM;2
NOM ADJ PRP:det NOM ADJ PRP:det NOM ADJ PRP:det NOM NAM;2
NAM NOM NOM NUM;2
NOM PRP:det ABR;2
NOM PRP:det NAM PRP DET:ART NOM;2
NOM PRP:det NOM PRP:det NOM NOM PRP:det NOM PRP DET:ART NOM PRP:det NOM NAM;2
NOM PRP:det NOM PRP:det NOM NOM PRP:det NOM PRP:det NOM PRP:det NOM NAM;2
NOM ADJ PRP:det NOM NOM PRP:det NOM ADJ PRP:det NOM NAM;2
NOM ADJ PRP:det NOM NOM PRP:det NOM NAM;2
NOM PRP:det ADJ NOM KON PRP DET:ART NOM;2
NOM ADJ KON ADJ PRP:det NOM;2
NOM ADJ PRP NUM NOM KON ADV;2
NOM ADJ NAM VER:ppre;2
NOM ADJ KON ADJ ADJ;2
NOM ADJ ADJ ADJ VER:pper PRP DET:ART NUM;2
NOM ADJ ADJ VER:pper PRP DET:ART NUM;2
NOM PRP:det NOM PRP DET:ART NOM KON PRP:det NOM;2
VER:ppre NOM NOM ADJ;2
NOM PRP NOM PRP NOM NOM;2
NOM PRP DET:ART NOM ADJ NOM NUM;2
ADJ NOM VER:pper PRP:det NAM;2
PRO:PER;2
NOM PRP:det ADJ ADJ;2
NOM PRP DET:ART NOM ADJ NUM;2
NOM ADJ VER:pper PRP DET:ART NAM;2
NOM ADJ PRP NUM NOM;2
NOM PRP NOM PRP NOM PRP NOM PRP NOM PRP NOM;2
NOM DET:ART;2
NOM PRP DET:ART NAM NAM;2
NOM PRP ADV ADJ;2
NOM NOM NOM ADJ NOM;2
ADJ NOM PRP:det NOM NAM;2
NOM ABR PRP:det NOM ADJ;2
NOM NAM PRP:det NOM PRP NAM;2
NOM PRP DET:ART NOM ADJ VER:pres ADJ;2
NOM NUM NOM PRP:det NOM PRP DET:ART NOM;2
NOM NUM VER:pper PRP:det NOM PRP DET:ART NOM;2
ADJ NOM NOM ADJ NOM;2
NOM PRP DET:ART NOM PRP:det NOM PRP NAM;2
NOM PRP DET:ART NOM PRP:det NOM ADJ ADJ;2
VER:ppre ADJ NOM;2
NOM ADJ VER:pres ADV ADJ;2
NOM PRP DET:ART NOM ADJ ADJ NOM;2
NAM NOM VER:pres NOM;2
NOM ADJ ADJ PRP NOM PRP NOM NUM;2
NOM PRP:det NOM ADJ PRP NAM;2
NOM NOM ADJ VER:simp;2
NOM PRP:det NOM ADV ADJ;2
NOM ADJ PRP NOM PRP ADJ NOM;2
NOM PRP:det NOM ADJ PRP NOM PRP NOM;2
NOM ADJ PRP ADJ NOM VER:pper;2
NOM PRP ADJ NOM PRP NOM;2
NOM ADJ KON NOM PRP NOM VER:pper;2
NOM NOM VER:pper PRP PRP:det NOM;2
NOM PRP DET:ART NOM ADJ PRP:det NOM PRP DET:ART NOM;2
NAM KON NAM;2
NOM ADJ PRP NAM KON NAM;2
NOM PRP ADJ ADJ;2
NOM ADJ ADJ ADJ NOM ADJ;2
NOM ADJ NOM VER:ppre ADJ;2
VER:pres ADV ADJ;2
NOM NOM PRP NOM NOM NOM;2
NOM NOM PRP NOM PRP NOM PRP NOM PRP NOM;2
NOM ABR PRP DET:ART NOM PRP NAM;2
NOM PRP NOM ADJ ADJ PRP NOM NUM;2
NOM PRP:det NOM NOM NUM;2
ABR VER:pper PRP DET:ART NOM PRP:det NOM;2
NOM ADJ PRP:det NOM KON PRP DET:ART NOM;2
NOM PRP NOM NUM PRP NOM;2
NOM VER:ppre DET:ART NOM PRP NOM PRP NOM KON PRP NOM;2
NOM PRP:det NOM VER:ppre DET:ART NOM PRP NOM;2
NOM PRP:det NOM PRP NOM PRP:det NOM;2
NOM ADJ PRP:det NOM VER:pper PRP:det NOM;2
NOM PRP NOM VER:ppre ADJ;2
NOM ADJ DET:ART NOM;2
NOM VER:pper VER:pper PRP NOM;2
NOM PRP ABR NOM ADJ;2
NOM ADJ VER:pper PRP DET:ART NOM PRP NOM;2
NOM ADJ ADJ NUM;2
NOM VER:pper ADJ ADJ PRP:det NAM;2
NOM PRP NOM PRP DET:ART NOM PRP:det NAM;2
NOM PRP NOM PRP NOM PRP NOM PRP NOM ADJ;2
NOM PRP NOM PRP NOM PRP NOM PRP NOM PRP NOM ADJ;2
NOM PRP NAM ADJ KON ABR ADJ;2
NOM NOM VER:infi;2
NAM VER:futu ADJ;2
NOM PRP ADV NOM;2
NUM NOM NOM;2
NOM PRP NOM ADJ PRP NOM PRP:det NOM ADJ;2
NOM PRP DET:ART NOM PRP NOM NUM;2
NOM NOM PRP NOM PRP NOM;2
NOM PRP NOM PRP DET:ART NAM ADJ;2
NOM PRP NOM ADJ KON ADJ NAM;2
NOM PRP DET:ART ABR;2
NOM PRP:det NOM VER:ppre PRP:det NOM;2
NOM PRP:det NOM NOM ADJ PRP:det NAM;2
NOM ADJ ADJ VER:futu NOM;2
NOM ADJ PRP NOM KON NOM;2
NOM PRP DET:ART ADJ NOM PRP:det NOM;2
NOM ADJ VER:pper NOM;2
NOM PRP DET:ART NOM VER:futu NOM;2
NOM ADJ PRP DET:ART NOM ADJ PRP:det NOM;2
NOM ADJ PRP:det NOM ADJ ADJ PRP NOM NUM;2
NOM ADJ ADJ ADJ ADJ PRP NOM NUM;2
NOM ADJ ADJ NOM PRP NOM NUM;2
NOM PRP NOM ADJ VER:ppre PRP:det NOM;2
NOM ABR ADJ PRP:det NOM;2
NOM PRP NOM ADJ ADJ NOM;2
NOM PRP:det NOM KON NOM ADJ;2
NOM PRP NOM NAM NUM;2
NOM ADJ PRP NOM ADJ PRP NOM ADJ;2
NOM PRP:det NOM NUM NOM;2
ADV NUM;2
NOM NOM PRP NOM ADJ KON ADJ;2
NOM VER:ppre PRP DET:ART NOM;2
NOM NOM VER:subi ADJ;2
NOM KON NOM VER:pper;2
NOM PRP NOM PRP NOM NUM PRP DET:ART NAM;2
NOM PRP DET:ART ADJ NOM PRP NOM ADJ;2
NOM ADJ PRP DET:ART ADJ NOM NUM;2
NOM PRP:det NOM PRP:det NOM PRP NOM NUM;2
NOM ABR PRP DET:ART NOM NOM;2
ADJ NOM ADJ ADJ NOM;2
ADJ KON NOM;2
NAM NAM VER:futu NOM;2
NOM ADJ KON PRP:det NOM ADJ;2
NOM PRP:det NOM PRP NOM VER:pper PRP:det NOM;2
NOM NAM VER:futu NOM;2
NOM NAM NOM PRP NOM;2
ADJ NOM VER:subi NAM NAM;2
NOM PRP:det NOM PRP NOM NUM NOM PRP DET:ART NOM;2
VER:pper ADJ PRP:det NOM;2
VER:pres VER:pper PRP NOM ADV ADJ;2
NOM PRP NOM PRP NOM VER:pper PRP NOM;2
NOM PRP DET:ART NOM PRP PRP:det NOM;2
NOM PRP DET:ART NOM PRP:det NOM PRP NOM;2
NOM PRP NAM VER:simp;2
NOM PRP NOM KON PRP NOM PRP:det NOM;2
VER:pper PRP:det NOM NUM;2
NOM PRP NOM PRP:det NOM PRP DET:ART NOM;2
NOM PRP NOM ADJ PRP:det NOM VER:ppre PRP:det NOM;2
NOM PRP NOM PRP:det ADJ PRP:det ADJ;2
NOM PRP NOM ADJ VER:subp;2
NOM PRP NOM PRP:det NOM VER:ppre PRP:det NOM;2
NOM PRP NOM ADJ PRP:det NOM PRP:det NOM ADJ;2
NOM ADJ VER:pper PRP DET:ART NOM KON DET:ART NOM;2
NOM PRP NOM PRP:det NOM ADJ PRP NOM ADJ;2
NOM NOM ADJ PRP DET:ART NAM ADJ;2
NOM NOM NAM ADJ;2
ADJ NOM ADJ PRP DET:ART NOM;2
NOM PRP:det NOM ADJ NOM ADJ;2
ABR PRP DET:ART NOM;2
NOM PRP:det NOM VER:pres;2
NOM PRP:det NOM VER:pper PRP:det NOM PRP DET:ART NOM;2
NOM NOM PRP:det ADJ;2
NOM NOM PRP:det NOM ADJ ADJ;2
NOM ADJ VER:impf ADJ;2
NAM VER:pres PRP NAM;2
NOM NAM NOM ABR;2
NOM NAM ABR SYM;2
NOM ADJ PRP NOM NUM PRP NOM ADJ;2
NOM PRP NOM PRP:det NOM NOM ADJ;2
NOM ADJ ADJ PRP NAM NAM;2
NOM ADJ PRP NOM PRP NOM PRP DET:ART NOM;2
VER:pper PRP DET:ART NAM;2
NOM PRP:det NOM PRP DET:ART NAM;2
ADJ VER:simp;2
NOM PRP:det NOM NAM ABR;2
NOM PRP NOM NAM ABR;2
NOM ABR PRP NOM PRP:det NOM;2
NOM ADJ ADJ PRP NOM VER:simp;2
NOM NOM ADJ PRP DET:ART NOM;2
NOM VER:pper ADJ NOM;2
NOM VER:pper PRP NAM NOM;2
ADJ VER:pper NAM;2
PRP PRP NOM;2
VER:cond SYM NAM;2
NOM ADJ ADV;2
ABR ABR NOM NAM;2
NOM PRP NAM PRP NOM NUM ADJ ADJ;2
NOM PRP:det NAM NAM NUM;2
VER:ppre ADJ NOM NAM;2
ADJ NOM NAM NOM ADJ;2
NOM NOM ADJ NOM ADJ ADJ;2
NOM PRP ADJ PRP:det NOM;2
NOM VER:futu ADJ NAM;2
NOM ADJ NAM PRP DET:ART NOM PRP NOM PRP:det NAM;2
NOM ADJ VER:pper PRP DET:ART NOM PRP DET:ART NOM ADJ;2
ABR PUN;2
NAM KON NOM;2
NAM NAM ABR;2
NOM VER:pper PRP DET:ART NOM PRP NAM;2
NOM VER:pres ADV VER:pper;2
NOM NOM NUM NUM;2
NOM PRP NOM ADJ PRP ADJ NAM;2
NOM PRP NOM ADJ PRP ADJ ADJ NAM;2
NOM ADJ PRP:det NOM ADJ ADJ PRP:det NOM;2
NOM PRP NOM NOM PRP NOM ADJ NAM;2
NOM PRP NOM NOM PRP ADJ NAM;2
NOM ADJ ADJ NOM PRP NOM;2
NOM NUM PRP DET:ART ADJ NOM;2
NOM NAM NOM ADJ ADJ;2
NUM NOM ADJ ADJ;2
NOM PRP NOM PRP:det NOM PRP:det NOM PRP DET:ART NOM;2
VER:cond ADJ NOM;2
NOM PRP:det NOM PRP DET:ART NOM PRP NAM;2
VER:pper PRP NOM NOM NOM;2
ADJ KON NOM ADJ;2
ABR NAM NOM NOM;2
NOM VER:pper PRP DET:ART NOM PRP NOM ADJ;2
ADJ PRP:det NOM;2
VER:pres VER:pper NAM;2
NOM NOM PRP NOM NUM;2
NUM SYM PRP NOM;2
NOM NUM PUN ADV VER:pper;2
ADJ PRP NOM PRP:det NOM;2
NOM PRP DET:ART NOM PRP DET:ART NOM PRP NOM;2
NOM VER:pper PRP:det NOM NAM;2
NOM PRP NOM NUM PRP DET:ART NOM;2
NOM PRP VER:ppre;2
NOM ADJ PRP DET:ART NOM PRP DET:ART NOM PRP DET:ART NOM;2
NOM ADJ PRP DET:ART NOM VER:pper PRP DET:ART NOM PRP DET:ART NOM;2
NOM PRP NOM ADV NOM;2
NOM PRP NOM PRP DET:ART NOM NOM;2
NOM NOM NUM PRP NAM;2
NOM ADJ ADJ ADJ PRP NAM;2
NOM PRP NOM ADJ PRP:det NOM VER:pper;2
NOM ADJ PRP DET:ART ADJ ADJ;2
NOM ADJ PRP:det NOM ADJ PRP DET:ART NOM;2
NOM ADJ PRP DET:ART NUM NOM ADJ PRP DET:ART NOM;2
NAM NOM PRP NOM;2
ABR PRP NOM PRP DET:ART NOM ADJ;2
NOM NOM NAM NAM NAM;2
NOM PRP NOM PRP DET:ART NOM ADJ PRP NOM NUM;2
NOM PRP NOM VER:pres ADV NOM;2
NOM ADJ NOM NAM PRP PRP:det NOM ADJ;2
NOM NOM ADJ PUN;2
NOM PRP ADJ NOM PRP NOM ADJ;2
NOM NOM PRP NOM PRP ADJ NOM;2
ADJ NOM PRP NAM;2
NOM ADJ PRP:det NOM PRP NOM NOM;2
NOM ABR NAM;2
NOM PRP NAM NOM ADJ ADJ;2
ABR PRP NOM PRP NOM ADJ;2
ABR PRP DET:ART NOM ADJ;2
NOM PRP NOM NUM PRP NUM NOM;2
NOM PRP DET:ART NOM ADJ PRP:det NOM PRP NOM VER:pper PRP:det NOM;2
NOM PRP DET:ART NOM ADJ PRP:det NOM PRP NOM ADJ;2
NOM ADJ NUM ADJ PRP DET:ART NOM;2
NOM ABR PRP DET:ART NOM;2
NOM NOM PRP:det NOM PRP NOM ADJ;2
VER:pper PRP:det NOM ADJ ADJ PRP DET:ART NOM PRP NAM;2
NOM NOM VER:pper PRP PRP:det NOM NOM;2
NOM VER:pper PRP PRP:det NOM NOM;2
NOM VER:pper ADV ADJ;2
NOM ADV NOM ADJ;2
NOM ADJ PRP:det NOM PRP:det NOM PRP NAM;2
ADJ PRP NOM PRP NAM;2
NOM PRP PRP:det NOM;2
NOM NOM NOM NOM ADJ;1
VER:pres PRP NAM VER:simp;1
NOM NUM PRP NAM VER:simp;1
NOM ADV VER:pper PRP DET:ART NOM;1
ADJ NOM NUM NUM;1
NOM PRP DET:ART NOM PRP NOM NOM;1
NOM VER:pper PRP:det NOM PRP NOM NOM;1
NOM PRP:det NOM ADJ NUM KON NOM NUM;1
NOM ADJ KON NOM ADJ;1
NOM ADJ KON PRP NOM ADJ;1
VER:cond VER:infi;1
ADV VER:simp NAM;1
VER:pper PRP NOM KON NOM;1
NOM VER:pper PRP VER:ppre;1
NOM NOM DET:ART NOM ADJ;1
NOM VER:simp ADJ;1
NOM PRP NAM VER:ppre PRP DET:ART NOM;1
NOM ADJ PRP DET:ART NOM KON PRP DET:ART NOM;1
NOM PRP DET:ART NOM PRP NOM PRP DET:ART NOM;1
NOM PRP DET:ART NAM NOM PRP DET:ART NAM;1
NOM PRP PRP:det NOM PRP NOM;1
NOM ADJ ADJ ADV NOM;1
VER:ppre NOM NAM;1
VER:pres KON ADJ;1
NOM NAM VER:pres;1
NOM ADJ ADJ PRP NOM PRP DET:ART NOM;1
ADJ NOM ADV ADJ VER:pper;1
NOM ADV NOM PRP NOM ADJ;1
NOM ADJ PRP:det VER:pper;1
NOM ADJ ADJ PRP:det VER:pper;1
ADJ NOM ADJ VER:pper;1
NOM PRP NOM PRP NOM VER:pper PRP PRP ADJ;1
NOM PRP DET:ART ADJ NOM NOM;1
NOM NOM NUM PRP DET:ART NOM ADJ;1
ADJ PRP DET:ART ADJ;1
NOM ADJ ADJ PRP DET:ART ADJ;1
NOM NAM ADJ VER:pper PRP DET:ART NOM;1
NOM NUM ADJ NOM PRP DET:ART NOM;1
NOM ADJ VER:subp NAM;1
NOM VER:pper PRP DET:ART ADJ NOM;1
NOM VER:pper PRP DET:ART NOM ADJ PRP:det NOM PRP NOM;1
NOM VER:pper PRP DET:ART NOM ADJ NOM PRP:det NOM PRP NOM;1
NOM ADJ VER:subp PRP NAM NAM;1
NOM PRP DET:ART NOM ADJ PRP:det NOM PRP NOM;1
NOM ADJ KON NOM PRP DET:ART NOM ADJ;1
NOM ADJ VER:impf NOM;1
NAM NAM VER:simp VER:pper;1
NAM NOM PRP DET:ART NOM;1
ABR NOM NOM;1
NOM NOM VER:pper PRP NOM;1
ADJ PRP DET:ART NOM ADJ;1
ADJ PRP DET:ART NOM NAM;1
NAM NAM VER:futu;1
NOM NOM ADJ PRP:det NOM KON PRP:det NOM;1
NOM PRP NOM PRP NOM NAM VER:pper;1
NOM PRP:det NOM KON NOM PRP NOM;1
NOM ADJ VER:pper PRP:det NOM ADJ ADJ;1
NOM NUM PUN;1
ADJ NOM PRP ADJ;1
NOM ADJ VER:subp PRP DET:ART NOM;1
NOM NAM PRP NOM PRP DET:ART NOM;1
NOM PRP VER:infi PRP NOM;1
VER:ppre NOM ADJ NOM NAM;1
NOM PRP DET:ART NOM ADJ PRP:det NAM NOM;1
NOM VER:pper PRP NOM PRP NOM;1
NOM ADJ PRP:det NOM PRP DET:ART NOM KON PRP DET:ART NOM;1
NOM PRP:det NOM PRP DET:ART NOM KON PRP DET:ART NOM;1
NOM ADJ PRP:det NOM PRP:det NOM KON NOM;1
NOM ABR PRP NOM PRP NOM;1
ADV PRP NOM;1
NOM VER:pres PRP NOM;1
NOM PRP NOM PRP DET:ART NOM PRP DET:ART NOM ADJ;1
NOM PRP:det NOM PRP DET:ART NOM KON DET:ART NOM;1
NOM PRP NOM PRP NOM PRP ADJ NOM;1
NOM KON NOM PRP NOM ADV ADJ;1
NOM PRP DET:ART NOM PRP NAM NAM;1
NOM PRP DET:ART NOM PRP:det NOM NAM;1
NOM PRP DET:ART NOM PRP DET:ART NOM VER:pper;1
NOM PRP ADJ ADJ NOM;1
NOM PRP VER:pper;1
NOM PRP NOM VER:ppre DET:ART NOM ADJ;1
VER:ppre NOM ADJ PRP NOM NAM;1
NAM VER:pres VER:pper PRP DET:ART NOM ADJ;1
NAM NOM ADJ ADJ;1
NOM NOM NOM ADJ NUM NOM;1
NOM ADJ PRP DET:ART NOM KON ADJ;1
NOM NOM KON NOM PRP NOM;1
NOM PRP DET:ART NOM ADV ADJ;1
NAM KON NOM NOM ADJ;1
NOM PRP NOM PRP:det NOM PRP NOM NAM;1
NOM VER:pres NOM PRP NOM ADJ;1
VER:pper PRP DET:ART NOM ADV ADJ;1
NOM VER:pres ADV ADJ;1
NOM PRP DET:ART NAM PRP:det NOM;1
NOM KON NOM NOM NOM;1
ADJ PRP NOM PRP DET:ART NAM;1
NOM ADJ VER:subp;1
NOM NOM PRP ADJ;1
NOM ADJ PRP:det NOM NUM;1
VER:pres ADJ PRP NAM;1
ADJ PRP ADJ NAM ADJ;1
NOM PRP NOM PRP:det NOM KON PRP:det NOM;1
NAM NAM PRP NOM;1
NOM PRP PRP:det NOM NUM;1
NOM PRP:det NOM PRP NOM PRP NAM;1
NOM PRP:det NOM KON PRP:det ADJ NOM ADV ADJ;1
NOM ADJ ADJ KON ADJ PRP NAM;1
NOM PRP NOM PRP:det NOM PRP NAM;1
NOM NOM VER:futu ADJ;1
NOM NOM VER:futu NOM;1
NOM NOM VER:futu VER:pper NUM;1
NOM NOM NOM NAM NUM;1
NOM NOM NOM NAM NAM;1
NOM NOM VER:futu NAM NAM;1
NOM ADJ PRP PRO:PER VER:subi;1
NOM NOM VER:futu VER:pper;1
NOM PRP NOM PRP KON NAM;1
ADJ PRP ADJ ADJ NOM;1
NOM PRP DET:ART NOM PRP NOM KON DET:ART NOM;1
NOM PUN;1
NOM NUM NUM NUM;1
VER:pres PRP PRO:PER;1
VER:infi PRP PRO:PER;1
NOM NOM ADJ VER:pper PRP DET:ART NOM NUM;1
NOM PRP NOM ADJ VER:pper PRP DET:ART NOM NUM;1
NOM PRP NOM VER:pper PRP DET:ART NOM NUM;1
NOM VER:ppre VER:pper;1
NAM VER:impf;1
NOM PRP NOM ADJ PRP DET:ART NOM PRP:det NOM;1
NOM ADJ KON NOM NOM;1
NOM PRP DET:ART NOM KON DET:ART NOM PRP:det NOM;1
NOM PRP DET:ART NOM ADJ ADJ KON NOM PRP DET:ART NOM;1
NOM PRO:PER NOM VER:subi NAM NAM;1
NOM NOM VER:pres NAM;1
NOM PUN ADJ;1
NUM PUN NOM VER:pres;1
NAM VER:pres VER:pper PRP DET:ART NOM PRP DET:ART NOM;1
ADV NAM;1
NOM PRP DET:ART NOM PRP NOM VER:pper;1
NOM VER:pper PRP DET:ART NOM ADJ KON ADJ;1
NOM ADJ ADJ VER:ppre;1
NOM ABR PUN NOM PUN;1
NOM PRP NOM PRP DET:ART NOM PRP NOM ADJ ADJ;1
NOM ADJ ADJ PRP NOM PRP DET:ART NOM PRP NOM;1
VER:pres NOM PRP NOM;1
ADJ NOM PRP NOM ADJ ADJ;1
ADJ NOM PRP NOM ADJ VER:pper;1
VER:pper VER:infi;1
NOM PRP NOM PRP NOM NUM VER:pper PRP NOM;1
NOM PRP NOM NUM VER:pper PRP NOM ADJ;1
NOM PRP NOM PRP:det NOM NUM;1
NOM PRP NOM PRP:det NOM VER:pper;1
NOM PRP NOM VER:pper PRP DET:ART NOM PRP DET:ART NOM;1
NOM PRP:det NOM PRP NOM PRP:det NOM VER:pper;1
KON;1
NOM NOM PRP:det NOM NAM;1
NOM NOM PRP:det NOM NUM;1
NOM PRP NOM ADJ PRP DET:ART ADJ ADJ;1
NOM VER:ppre NOM ADJ;1
NOM VER:pper ADJ PRP NUM;1
VER:pres NOM VER:pres NOM;1
NOM PRP DET:ART NOM VER:pper ADJ;1
NOM NOM ADJ KON NOM ADJ VER:pres;1
NOM VER:pper ADJ PRP ADJ NOM;1
NOM PRP NOM ADJ VER:pper NOM ADJ ADJ;1
NOM PRP ADV ADJ NOM ADJ ADJ;1
PRP DET:ART NOM KON PRP DET:ART NOM;1
NAM PRP NOM ADJ;1
VER:ppre NOM ADJ KON ADJ;1
NOM PRP NOM ADJ PRP NOM PRP NOM ADJ;1
NOM ADJ PRP DET:ART NOM ADJ PRP DET:ART NOM ADJ;1
NOM PRP NOM PRP NOM PRP NOM PRP NOM;1
NOM PRP NOM PRP DET:ART NOM ADJ ADJ;1
NOM PRP NOM ADJ ADV NAM;1
NOM ADJ ADV VER:simp PRP DET:ART NOM;1
NOM PRP NOM ADJ KON NOM;1
NOM PRP NOM ADJ NAM NAM;1
NOM PRP NOM PRP:det NAM NAM NAM;1
NOM PRP NOM PRP:det NOM PRP NAM NAM;1
NOM PRP NOM PRP DET:ART NOM PRP NOM PRP NOM;1
NOM PRP NOM PRP DET:ART NOM VER:pper;1
VER:pres ADJ KON ADJ;1
VER:pres KON NOM PRP:det NOM;1
NOM PRP:det NOM NUM ADJ;1
NOM PRP NOM ADJ PRP:det NUM ADJ;1
NAM NOM VER:subi ADJ NOM ADJ;1
NOM PRP DET:ART NUM ADJ;1
NOM PRP NOM VER:pper PRP:det NAM NOM;1
NOM NOM ADJ VER:pres;1
NOM PRP NOM NOM NOM NOM;1
NOM VER:pper PRP:det NOM NOM;1
NOM NAM NAM VER:pper PRP:det NOM;1
NOM ADJ PRP DET:ART NOM VER:ppre PRP:det NOM;1
NAM NOM PRP:det NOM ADJ;1
NOM PRP NAM PRP:det NOM ADJ;1
NOM PRP DET:ART VER:pper ADJ;1
NOM ADJ PRP DET:ART NOM PRP NOM PRP DET:ART NOM;1
NOM PRP NAM PRP NOM NUM ADJ NOM;1
NOM PRP NAM PRP NOM NUM ADV ADJ;1
VER:pper NOM;1
VER:pper PRP NOM VER:pper;1
NOM PRO:PER VER:ppre PRP:det NOM PRP DET:ART NOM ADJ;1
NOM PRP:det NOM VER:pper PRP NOM PRP DET:ART NOM;1
ADJ NOM ADV PRP:det NOM ADJ;1
NOM VER:pper PRP DET:ART NOM PRP:det NOM PRP:det NOM;1
NOM PRP DET:ART NOM PRP DET:ART NOM PRP:det NOM;1
NOM PRP VER:infi KON PRP VER:infi;1
VER:ppre ADJ PRP:det NOM;1
NOM ADV VER:ppre ADV VER:pper NOM;1
NOM PRP NAM VER:pper;1
NOM VER:ppre DET:ART NOM NAM NUM;1
VER:ppre PRP DET:ART NOM NAM;1
NOM PRP NOM ADJ PRP DET:ART NOM VER:pper;1
NAM NAM KON NAM;1
NOM PRP DET:ART ABR NOM;1
NOM ADJ PRP DET:ART NOM NAM PRP:det NOM;1
NOM PRP NOM ADJ ADJ PRP:det NOM;1
NOM ADJ ADJ PRO:IND NOM;1
ADJ PRO:IND NOM ADJ;1
ADJ NOM PRO:IND NOM;1
NOM ADJ PRP:det NOM ADJ PRP:det NOM ADJ;1
NOM PRP DET:ART NOM NAM PRP:det NOM;1
NOM KON NAM;1
NOM PRP:det NOM VER:infi;1
NOM ABR NOM PRP:det NOM;1
NOM PRP DET:ART NOM PRP DET:ART NAM ADJ;1
NOM ADJ VER:pper PRP DET:ART NOM NUM;1
NOM PRP PRP NOM ADJ;1
VER:pper NUM;1
NOM PRP NOM PRP NOM PRP NOM NOM ADJ;1
NOM VER:ppre PRP:det NOM PRP NOM ADJ;1
NOM PRP DET:ART NOM PRP DET:ART NOM NAM;1
NAM NAM PRP NAM;1
NAM NAM VER:futu NAM NAM NAM;1
NOM PRP NOM ADJ PRP DET:ART NOM KON PRP:det NOM ADJ;1
NOM ADJ PRP DET:ART NOM KON PRP:det NOM ADJ;1
NOM NAM VER:futu NAM NAM;1
NOM ADJ ADJ PRP DET:ART NOM PRP NAM;1
NOM PRP DET:ART NOM PRP:det NOM ADJ NAM;1
NOM PRP NOM PRP DET:ART NOM KON PRP:det NOM ADJ PRP:det NAM PRP NAM;1
NOM PRP NOM ADJ ADJ PRP:det NAM;1
NOM PRP NOM PRP DET:ART NOM PRP:det NAM PRP NAM;1
NOM ADJ PRP:det NOM PRP:det NAM PRP NAM;1
NOM PRP NOM PRP NOM NOM ADJ NAM KON NAM;1
NAM VER:pres VER:infi NOM;1
NAM NAM NAM NOM NAM VER:futu NAM NAM;1
NAM NAM NAM NAM VER:futu NAM NAM;1
NOM PRP DET:ART NOM KON PRP DET:ART NOM PRP:det NOM PRP:det NAM PRP NAM;1
NOM ADJ PRP DET:ART NOM KON PRP DET:ART NOM PRP:det NOM;1
NOM PRP DET:ART NOM KON PRP DET:ART NOM PRP:det NOM;1
NOM PRP:det NOM PRP:det NAM PRP NAM;1
NOM PRP:det NOM PRP NOM NOM ADJ NOM;1
NOM PRP:det NOM PRP NOM NOM ADJ;1
NOM PRP:det NOM PRP NOM NOM PRP NOM ADJ;1
NOM ADJ ADJ KON NOM;1
NOM PRP NOM PRP NOM ADJ PRP:det NOM;1
NOM ADJ PRP NOM PRP:det NOM PRP:det NOM;1
VER:pper PRP:det NOM PRP:det NOM;1
NOM PRP:det NOM PRP DET:ART ADJ;1
VER:pres ADJ NAM;1
NOM ADV PRP DET:ART NOM;1
ADV VER:ppre VER:infi;1
NOM PRP:det NOM PRP NAM NAM;1
NOM PRP NAM NAM PRP NOM NAM;1
VER:ppre;1
NOM NAM PRP NOM NAM;1
NOM PRP NAM PRP NOM PRP:det NOM ADJ;1
NOM PRP:det NOM VER:pper ADJ KON ADJ;1
ABR ADJ NAM NAM;1
ABR NAM NAM NAM;1
NOM PRP NOM PRP:det NAM ADJ;1
NAM VER:pres PRP NOM;1
NOM ADJ PRP:det NAM ADJ;1
NOM ADJ PRP DET:ART NAM NOM;1
NOM ADJ ADJ PRP DET:ART NAM NOM;1
NOM PRP NOM ADJ PRP:det NOM ADJ ADJ;1
NOM ADJ PRP:det NOM ADJ PRP NOM ADJ;1
NAM VER:pres ADJ NAM;1
NOM PRP DET:ART NOM PRP NOM PRP:det NOM;1
NUM NOM ABR;1
NAM VER:pres ABR;1
NAM PUN;1
NOM KON;1
NUM PUN ADJ;1
NOM ADV ADJ PRP DET:ART NOM;1
NOM ADJ PRP:det NOM ADJ NUM PUN;1
NUM NAM ABR ADJ;1
NOM PRP:det NOM PRP NAM KON NAM;1
NOM PRP:det NOM PRP:det NOM ADJ ADJ;1
NOM ADJ PRP:det NOM PRP:det NOM PRP NOM;1
NOM ADJ PRP DET:ART NOM KON PRP:det NOM;1
NOM PRP NOM ADJ NOM NOM NAM;1
NOM PRP NOM NOM PRP DET:ART NOM ADJ;1
NOM ADJ ADJ ADJ PRP NOM ADJ;1
NOM ADJ VER:pper PRP:det NOM PRP DET:ART NOM;1
ADJ NOM NOM PRP NOM;1
NOM NAM VER:simp VER:pper;1
KON NUM NOM;1
NOM PRP NAM NOM KON PRP NAM ADJ;1
NAM VER:futu NOM NAM;1
NOM PRP NUM NOM ADJ;1
NOM PRP NOM VER:ppre;1
NOM PRP NOM NOM ADJ NOM;1
NOM ADJ PRP NOM PRP NOM PRP NOM NUM;1
NOM ADJ PRP:det NOM PRP DET:ART NOM PRP:det NOM;1
ADJ VER:pper;1
NOM PRP:det NOM ADJ PRP:det NOM NUM;1
NOM PRP:det NOM PRP NAM NOM;1
NOM ADJ VER:ppre PRP DET:ART NOM PRP:det NAM PRP:det NOM NAM;1
NAM ADV VER:pper ADJ;1
NOM PRP ADJ ADJ NOM PRP DET:ART NOM;1
NOM ADJ PRP ADJ ADJ NOM;1
NOM PRP ADJ ADJ NOM PRP:det NOM;1
NOM PRP NAM PRP NOM ADJ VER:pper;1
NOM PRP:det NOM PRP DET:ART NOM NAM NOM;1
NOM PRP:det NOM ADV PRP ADJ NOM;1
NOM NAM VER:pres NAM;1
VER:pper PRP:det NOM PRP DET:ART NOM;1
NOM PRP DET:ART NOM PRP VER:infi PRP:det NOM;1
NOM PRP:det NOM NOM NAM;1
NOM PRP:det NOM PRP DET:ART NOM NAM;1
NOM ADJ ADJ ADJ NOM;1
NOM ADJ VER:ppre PRP DET:ART NOM ADJ PRP:det NOM NAM;1
NOM PRP:det NOM VER:ppre PRP DET:ART NOM PRP:det NAM PRP:det NOM NAM;1
NOM PRP:det NOM VER:ppre PRP DET:ART NOM PRP NOM PRP:det NOM NAM;1
NOM PRP:det NOM VER:ppre PRP DET:ART NOM PRP:det NOM PRP DET:ART NOM PRP:det NOM NAM;1
NOM PRP DET:ART NOM PRP:det NOM PRP DET:ART NOM ADJ NAM;1
NOM NAM VER:pper PRP DET:ART NOM;1
NOM VER:pper PRP NOM VER:simp;1
NOM VER:pper PRP:det NOM PRP DET:ART NOM ADJ NAM;1
NOM NAM PRP DET:ART NOM NAM;1
NOM VER:futu VER:pper PRP DET:ART NOM NAM;1
NOM PRP NOM PRP:det NOM PRP DET:ART NOM NAM;1
NOM VER:pper ADJ VER:pper PRP PRP:det NOM ADJ;1
NAM NAM PRP NOM VER:simp;1
NOM ADJ NOM NOM VER:pper PRP NOM ADJ;1
NOM NAM PRP DET:ART ADJ NOM;1
ABR PRP DET:ART NOM PRP NOM PRP NOM;1
NOM ADJ PRP:det ADJ NOM ADJ;1
NOM NAM ADJ ADJ;1
NOM NAM PRP:det NOM NOM ADJ;1
NOM PRP DET:ART NOM PRP DET:ART NOM ADJ PRP DET:ART NOM;1
NOM PRP DET:ART NOM PRP DET:ART NOM PRP DET:ART NOM;1
NOM VER:pper PRP NOM PRP NOM NOM NUM;1
NOM ADJ PRP:det ADJ NOM KON PRP DET:ART NOM;1
NAM NAM NAM NAM NAM VER:pres NUM;1
NAM NAM NOM NOM NUM;1
NOM PRP:det NOM PRP NOM PRP:det NOM NAM;1
NOM NOM PRP ADJ NOM;1
NOM NUM PRP DET:ART NOM PRP NOM PRP NOM;1
NOM NAM VER:simp NUM NAM NAM;1
NOM VER:pper PRP DET:ART ADJ;1
NOM ADJ PRP NOM PRP NAM PRP NAM;1
NOM PRP:det NOM VER:pper PRP DET:ART NOM PRP:det NOM;1
NOM PRP DET:ART NOM ADJ PRP NOM NOM;1
NOM PRP NOM ADJ PRP:det NOM NOM;1
NOM NAM KON NAM NAM;1
NOM PRP NOM PRP PRP:det ADV ADJ;1
ADJ NOM ADJ PRP NOM;1
ABR NOM NAM;1
NOM PRP NAM KON NAM NAM;1
NAM VER:futu PRP ADJ NOM;1
NOM PRP ABR;1
NOM ADJ ADJ PRP NOM NAM KON NAM;1
NOM ADJ VER:subp PRP NOM NAM KON NAM;1
NOM ADJ PRP NOM NAM KON NAM;1
NOM ADJ PRP NOM VER:subi VER:pper PRP:det ABR;1
NOM ADJ PRP NOM VER:subi VER:pper PRP:det NAM;1
NOM ADJ ADJ PRP NOM NAM ADJ;1
NAM NAM SYM;1
NOM PRP NOM PRP ABR;1
NOM PRP NOM PRP:det NOM PRP DET:ART NOM ADJ PRP NOM NAM;1
NOM PRP:det NOM PRP:det NOM PRP DET:ART NOM ADJ PRP NOM NAM;1
KON ADJ PRP NOM;1
NOM VER:pper PRP:det NOM NAM NUM;1
NOM PRP NAM NAM VER:pper;1
NOM PRP NOM NUM PRP ADJ NOM;1
NOM PRP NAM NAM ADJ;1
NOM NOM NOM ADJ NUM;1
ADJ NOM PUN NOM PRP NOM;1
VER:pres PRO:IND NOM;1
NOM PRP NOM PRP:det ADJ;1
NOM NOM NOM NUM KON ADV;1
NOM PRP DET:ART NOM VER:pper PRP:det NOM;1
NAM NOM VER:subi NOM;1
NOM ADJ ADJ NOM PRP:det NOM;1
NOM NAM NAM PRP:det NAM;1
NOM PRP NOM PRP NOM VER:pper PRP DET:ART NOM;1
NAM KON NOM NOM;1
NOM KON NOM PRP:det NOM PRP:det NOM ADJ;1
NOM PRP NOM NOM NOM ADJ;1
ADJ PRP DET:ART NOM PRP NOM PRP NOM PRP NOM NUM;1
NAM NOM VER:simp;1
NOM NOM PRP DET:ART ADJ NOM;1
NOM PRP NOM PRP NOM PRP NOM VER:pper;1
NOM ABR NOM NOM;1
NOM NAM PRP:det NOM ADJ NUM;1
NOM PRP DET:ART NOM PRP DET:ART NOM ADJ PRP NOM NAM;1
NOM NOM ADJ ADJ PRP NAM;1
NOM PRP NAM NOM ADJ;1
NOM NOM PRP:det NOM PRP NAM;1
NOM PRP:det NOM PRP:det NAM;1
NAM NAM NAM VER:futu VER:simp NOM;1
NOM ADJ PRP NAM KON PRP NAM ADJ NOM;1
NOM PRP:det NOM PRP NOM ADJ ADJ;1
NOM ADJ ADJ PRP NOM PRP NOM;1
NOM PRP NOM PRP:det NOM ADJ PRP DET:ART NOM ADJ;1
PRO:DEM ADJ;1
NOM PRP NOM PRP DET:ART NOM NOM PRP:det NAM;1
NOM PRP NOM ADJ VER:pper PRP:det NOM;1
NOM ADJ ADJ PUN;1
VER:pres ADJ PRP NOM;1
NOM PRP:det NOM ADJ ADJ PRP NAM;1
NAM NAM ADJ NOM;1
NOM ADJ NOM VER:pper NOM NOM VER:pres;1
NOM NOM PRP NOM ADJ ADJ;1
NOM ADJ VER:subp NOM NOM;1
VER:pper PRP NOM PRP DET:ART NOM;1
ADJ PRP NOM PRP DET:ART NOM PRP NOM;1
NOM NUM PRP NOM PRP:det NOM NAM;1
NOM VER:pper KON NOM ADJ;1
NOM PRP:det NOM ADJ VER:pres NOM;1
NOM VER:pper PRP NOM PRP ADJ NOM;1
VER:ppre VER:pper PRP:det NOM;1
NOM NAM NOM PRP:det NOM;1
NOM PRP:det NOM ADJ VER:pres;1
NOM PRP DET:ART NOM ADJ PRP NOM PRP NAM;1
NOM NUM VER:pper PRP DET:ART NOM;1
VER:pper PRP VER:infi;1
PUN;1
NOM PRP NOM PRP:det NAM ADV ADJ;1
VER:pres VER:pper;1
NOM ADJ VER:pper VER:pper ADV ADJ;1
NOM ADJ ADJ PRP NOM VER:pper;1
NOM ADJ ADJ ADJ PRP NOM VER:pper;1
ADJ NOM ADJ PRP:det NAM NAM;1
NOM ADJ ADJ VER:pper PRP NAM;1
NOM ADJ ADJ ADJ ADJ NOM NAM;1
NOM ADJ VER:pper NOM PRP NAM;1
NOM ADJ ADV ADJ PRP NOM ADJ ADJ;1
NOM ADJ ADJ PRP NOM VER:ppre VER:pper;1
NOM PRP NOM PRP DET:ART NAM NAM NAM;1
VER:ppre PRP NOM ADJ;1
VER:pper NOM PRP NOM ADJ;1
NAM VER:pres VER:pper PRP DET:ART NOM PRP:det NOM;1
NAM NAM ABR NUM;1
NOM ADJ PRP NOM PRP NOM PRP NOM PRP NOM;1
NAM NAM NAM ABR NUM;1
NOM NAM NAM NAM NUM;1
NOM NAM PRP:det NOM KON PRP:det NOM;1
NOM ADV VER:pres ADJ;1
NOM ABR PRP DET:ART NOM PRP:det NOM;1
NOM ADJ NUM NOM NUM;1
NOM PRP NOM ADJ PRP NOM KON NOM ADJ;1
NOM NOM VER:ppre DET:ART NOM;1
NAM NAM NAM ABR;1
NOM NOM NAM NAM VER:futu NOM;1
ABR NOM PRP NOM;1
ABR VER:ppre DET:ART NOM;1
NOM NOM ADJ ADJ PRP:det NOM ADJ ADJ;1
NOM PRP NOM PRP:det NOM KON NOM;1
NOM VER:ppre DET:ART NOM PRP NOM KON PRP NOM;1
NOM VER:ppre DET:ART NOM PRP NOM PRP NOM ADJ;1
NOM PRP NOM VER:pper ADJ;1
NOM PRP:det NOM VER:ppre PRP NOM;1
NOM NOM VER:pper ADJ;1
NOM ADJ PRP NOM KON PRP NOM PRP:det NOM;1
ABR ABR VER:pper PRP DET:ART NOM;1
NOM ABR NOM VER:pper PRP DET:ART NOM;1
NOM NOM ABR VER:pper PRP DET:ART NOM;1
NOM ADJ PRP DET:ART NOM PRP NOM NUM;1
VER:pper PRP NOM PRP NOM ADJ ADJ;1
NOM ADJ VER:pper NOM ADJ;1
NOM PRP NOM PRP:det NOM VER:ppre DET:ART NOM PRP NOM NUM;1
NOM NUM PRP NOM PRP:det NOM;1
NOM PRP NOM ADJ VER:ppre DET:ART NOM PRP NOM NUM;1
NAM PRP NOM;1
NOM NUM PUN ADJ;1
NOM ADJ VER:ppre DET:ART NOM ADJ ADJ;1
NOM NAM VER:ppre DET:ART NOM;1
NOM ADJ PRP VER:infi;1
VER:pres ADJ NOM VER:subi ADJ;1
VER:cond NOM;1
NAM PRP ADJ;1
NOM NOM VER:pper PRP NOM PRP:det NOM;1
VER:ppre NOM ADJ;1
NAM NAM NAM NOM NAM NAM NAM VER:futu NAM;1
NOM NOM PRP:det ADJ NOM;1
NOM ADJ VER:simp ADV ADJ;1
NOM PRP NOM PRP NAM NAM PRP:det NAM;1
NOM PRP NOM PRP NAM PRP:det NAM;1
NOM NOM PRO:PER NAM NOM NOM;1
NOM ADJ ADJ ADJ PRP:det ADJ;1
NOM NOM NAM NOM NAM;1
NOM NAM NOM NAM;1
NAM NAM NAM NOM VER:pres NAM NAM NOM;1
NAM NAM PUN;1
NOM NAM PUN;1
NOM VER:pper PRP NOM PRP:det NOM ADJ;1
NOM PRP NOM ADJ ADJ NOM NAM;1
NOM VER:pper PRP NOM ADV VER:pper;1
NOM ADJ ADJ NOM PRP NOM NOM;1
NOM ADJ ADJ VER:pper VER:pper;1
NAM VER:futu ADJ PRP ADJ NOM;1
NOM ADJ PRP ADJ NOM NAM;1
NOM ADJ VER:pper PRP ADJ NOM;1
ADJ PRP NOM PRP:det NOM PRP:det NOM ADJ;1
NOM PRP DET:ART ADJ PRP:det NOM;1
NOM PRP DET:ART NAM PRP DET:ART NOM PRP NOM ADJ;1
NOM VER:pper KON VER:pper;1
ADJ PRP NUM NOM PRP NUM NOM;1
NOM ADV ADV PRP DET:ART NOM ADJ;1
NOM ADV ADV PRP NOM NOM ADJ;1
NOM PRP VER:infi ADJ;1
NOM VER:pper PRP VER:infi VER:infi DET:ART NOM;1
ADJ PRP NOM PRP:det NOM PRP DET:ART NOM;1
NOM PRP:det NOM KON PRP DET:ART NOM;1
NOM PRP DET:ART NOM NAM SYM NAM;1
NOM ADJ PRP DET:ART NOM PRP:det NOM PRP DET:ART NOM;1
VER:simp NOM ADJ;1
NOM PRP DET:ART NOM PRP DET:ART NOM KON PRP:det NOM;1
NOM PRO:PER VER:ppre PRP DET:ART NAM ADJ;1
NOM PRO:PER VER:ppre PRP DET:ART NAM;1
NOM VER:ppre DET:ART NAM ADJ;1
NOM ADJ ADJ VER:pper PRP DET:ART NOM PRP NOM;1
NOM NOM VER:pper PRP:det NAM;1
NOM NOM VER:pper PRP DET:ART NOM PRP NAM;1
NOM KON ADJ PRP NOM;1
NOM PRP:det NOM KON NOM ADV ADJ;1
NOM NUM ADJ ADJ;1
NOM PRP DET:ART NOM VER:ppre PRP:det NOM;1
NOM VER:pper PRP NOM NAM;1
NOM NOM ADJ PRP:det NOM PRP DET:ART NOM ADJ;1
NOM NOM PRP DET:ART NOM PRP:det NOM PRP DET:ART NOM ADJ;1
NOM VER:futu NOM PRP:det NAM;1
NOM PRP ADJ PRP DET:ART NOM;1
NOM PRP ADJ PRP:det NOM ADJ;1
ADV NAM NAM;1
VER:pres ADJ ADV ADJ;1
NOM PRP DET:ART NOM PRP DET:ART NOM NOM;1
NOM PRP NAM VER:ppre PRP DET:ART NOM ADJ;1
NOM ADJ PRP NOM PRP NOM NOM;1
NOM ADJ PRP NUM SYM;1
NOM ADJ PRP:det NOM PRP DET:ART NOM ADJ;1
NOM NOM NOM VER:pper PRP NOM ADJ;1
NOM PRP NAM PRP NAM PRP DET:ART NAM;1
NOM ADV PRP DET:ART NOM PRP DET:ART NOM;1
NOM ADJ PRP:det NAM NAM;1
NOM ADJ ADV PRP DET:ART NOM;1
NOM PRP NOM ADV PRP DET:ART NOM;1
NOM VER:infi NOM NOM;1
NOM NUM PRP:det NOM PRP DET:ART NOM NOM;1
NOM ADJ PRP NOM ADJ VER:ppre;1
NOM PRP NOM ADJ PRP NOM KON NOM;1
NOM ABR PRP NOM PRP:det NOM NAM;1
NOM NAM PRP NOM PRP NOM;1
NOM VER:ppre PRP:det NAM;1
NOM KON NOM ADJ PRP NOM ADJ;1
NOM VER:pper PRP DET:ART NOM NOM NAM;1
NOM PRP NOM PRP NOM ADJ VER:pper PRP DET:ART NOM PRP NOM ADJ;1
ADJ PRP NUM NOM KON ADV;1
ADV VER:ppre NOM;1
NOM ADJ VER:pres ADJ NOM PRP DET:ART NOM;1
NOM ADJ VER:pres ADJ PRP DET:ART NOM;1
NAM VER:futu PRP NOM PRP NOM;1
ADV ADV VER:pper ADJ;1
NOM PRP:det NOM PRP:det NOM PRP:det NOM PRP DET:ART NOM;1
NOM PRP:det NOM ADJ PRP:det NOM PRP:det NOM;1
NOM PRP:det NOM ADJ PRP NOM PRP:det NOM;1
NOM PRP VER:pres;1
NOM ADJ ADJ PRP VER:pres;1
NOM ADJ ADJ VER:pper PRP NOM;1
VER:pper PRP NOM PRP DET:ART NOM ADJ PRP:det NOM;1
VER:pres ADV VER:pper;1
NOM PRP:det NAM VER:pres VER:pper;1
NOM ADJ PRP NOM ADJ PRP NOM;1
ADJ NOM PRP:det NOM PRP:det NOM NAM;1
ADJ NOM ADJ VER:pper PRP DET:ART NOM;1
NOM NAM NAM PRP DET:ART NOM;1
NAM VER:pres PRP NOM ADJ;1
NOM PRP NOM PRP DET:ART NOM PRP DET:ART ADJ NOM;1
VER:subp;1
NOM PRP:det NOM NAM KON NAM;1
NAM VER:futu NAM NAM;1
NOM ADV VER:subi ADV VER:pper;1
NOM KON NOM ADJ KON ADJ;1
VER:infi NAM;1
VER:infi ADJ;1
NOM PRP NOM PRP DET:ART NOM PRP NOM PRP DET:ART NAM ADJ;1
NOM PRP NOM PRP DET:ART NOM PRP NOM PRP DET:ART NAM;1
NOM NAM PRP NAM NAM;1
NOM ADJ ADJ PRP ADJ KON ADJ NOM VER:pper;1
NOM PRP NOM PRP NOM PRP DET:ART NOM ADJ;1
VER:pper PRP NAM VER:pper;1
NOM ABR PRP DET:ART NOM ADJ;1
NOM ADJ PRP ADJ KON ADJ NOM ADJ;1
VER:pres KON VER:pper;1
NOM ADJ PRP NOM ADJ KON ADJ;1
NOM ADJ ADJ PRP ADJ KON ADJ NOM;1
NOM ADJ PRP ADJ KON ADJ NOM;1
NOM PRP ADJ NOM ADV VER:pper;1
NOM PRP:det NOM PRP NOM ADJ PRP DET:ART NOM;1
NOM ABR PRP DET:ART NAM;1
NOM ADJ VER:pper PRP:det NOM NUM;1
NOM PRP DET:ART NOM KON DET:ART NUM NOM ADJ;1
NOM ABR PRP NOM NOM NOM;1
NOM ADJ KON VER:pper;1
ABR PRP DET:ART NOM NAM PRP NOM;1
NOM VER:pper PRP:det NOM KON PRP:det NOM;1
NOM NOM PRP DET:ART NOM ADJ NOM PRP DET:ART NOM NUM;1
NOM ABR NOM PRP NOM;1
NOM ABR NOM PRP DET:ART NOM PRP NOM NUM;1
NOM PRP NOM NOM NAM;1
ABR ABR NAM;1
VER:pres PRP NAM;1
VER:pres NAM;1
ADJ VER:ppre DET:ART NOM ADJ;1
NOM PRP NOM PRP ADJ ADJ;1
VER:pres ADJ NOM PRP DET:ART NOM;1
NOM PRP NOM ADJ PRP NOM NOM;1
NOM ADJ ADV PRP DET:ART NOM ADJ PRP:det NOM ADJ ADJ;1
NOM ADJ ADV PRP DET:ART NOM PRP:det NOM ADJ;1
NOM ADJ ADV PRP DET:ART NAM;1
NOM PRP PRP:det NOM PRP NAM;1
NOM VER:ppre NOM PRP NAM NOM ADJ;1
NOM ADJ VER:ppre PRP DET:ART NOM;1
NOM ADJ VER:ppre PRP DET:ART NOM ADJ;1
NOM PRP NOM ADJ PRP DET:ART NOM NAM;1
NOM ADJ NOM VER:pper;1
NOM PRP:det NOM PRP PRP:det NOM;1
NOM ADJ ADJ PRP NAM KON NAM;1
VER:pper PRP:det NOM PRP NOM PRP:det NOM;1
VER:pper PRP:det NOM PRP NOM ADJ;1
NOM PRP NOM NUM PRP NAM;1
NOM NOM PRP ADJ NOM ABR;1
NOM NOM PRP ADJ NOM NAM;1
NOM PRP NOM PRP:det ADJ NOM PRP DET:ART NAM;1
NOM PRP NOM PRP VER:infi VER:pper;1
NOM PRP ADJ PRP VER:infi VER:pper;1
NOM PRP NOM VER:pper PRP:det NOM PRP NOM;1
NOM VER:pper PRP:det NOM PRP NOM;1
NOM PRP NOM VER:pres PRP NAM;1
NOM PRP NOM PRP:det NOM PRP NOM PRP:det NOM;1
NOM VER:ppre DET:ART NOM PRP DET:ART NAM;1
NOM PRP:det NOM PRP NOM PRP NOM PRP NOM;1
NOM PRP DET:ART NOM KON PRP DET:ART NOM ADJ;1
NOM PRP ADJ PRP:det NOM VER:ppre PRP:det NOM;1
NOM PRP ADJ PRP:det NOM PRP NOM PRP:det NOM;1
NOM PRP NOM ADJ PRP:det NOM PRP NOM PRP:det NOM;1
NOM PRP NOM ADJ VER:pper PRP DET:ART NOM PRP NOM;1
NOM PRP NOM PRP:det NOM PRP:det NOM PRP NOM;1
NOM KON NOM PRP:det NOM ADV ADJ;1
NOM PRP NOM ADJ PRP:det NOM PRP:det NOM PRP NOM;1
NOM PRP ADJ PRP:det NOM PRP:det NOM PRP NOM;1
NOM PRP ADJ PRP:det NOM PRP:det NOM ADJ;1
NOM PRP NAM PRP NOM VER:simp;1
NOM NAM VER:pres PRP NOM;1
NOM ADJ ADJ PRP DET:ART NOM PRP DET:ART NOM;1
ADJ ADJ PRP DET:ART NOM;1
ADJ VER:pper PRP DET:ART NOM;1
NOM NUM NOM PRP NOM;1
NOM NOM ADJ PRP:det NOM ADJ;1
NOM NOM VER:pper PRP DET:ART NOM ADJ;1
NOM ADJ ADJ NOM PRP NUM SYM PRP DET:ART NAM;1
NUM NAM;1
NOM ADJ ADJ NOM PRP NUM SYM PRP DET:ART NOM ADJ VER:pper;1
NOM NOM ADJ ADJ PRP:det NOM KON PRP DET:ART NOM;1
NOM NOM ADJ PRP:det NOM KON PRP DET:ART NOM;1
NOM ADJ ADJ PRP:det NOM KON PRP DET:ART NOM;1
NOM NUM PUN NOM;1
NUM PUN ABR;1
NOM PRP DET:ART NUM;1
NAM PRP NUM;1
NOM NOM NOM ABR;1
NOM NOM NOM VER:subi NOM;1
NOM PRP DET:ART NOM VER:pper PRP DET:ART NOM PRP NAM;1
NAM VER:futu VER:infi NOM NOM;1
NOM PRP DET:ART NOM PRP:det NOM KON PRP:det NOM;1
NOM PRP NOM VER:pres;1
NOM KON NOM PRP:det NOM ADJ;1
NOM PRP DET:ART NOM PRP ADJ;1
NOM NOM ADJ NOM NAM;1
NOM PRP:det NOM VER:pper PRP DET:ART NOM NUM;1
ADJ NOM ADJ NOM ADJ;1
NOM PRP:det NOM ADJ PRP PRP:det NOM;1
NOM PRP:det NOM PRP NOM PRP PRP:det NOM;1
NOM PRP DET:ART NOM PRP:det NOM PRP NOM NUM;1
NOM DET:ART NOM;1
NOM ADJ PRP NAM ADJ;1
NOM NAM VER:ppre PRP:det NOM;1
NOM ADJ PRP NAM PRP DET:ART NOM;1
NOM VER:pres NOM ADJ;1
NOM PRP:det NOM PRP DET:ART NOM PRP NAM ADJ;1
NOM PRP:det NOM PRP NOM VER:ppre ADJ;1
NOM PRP:det VER:pper ADJ;1
NOM PRP NOM NOM PRP:det NOM;1
NOM PRP NOM VER:pres NOM;1
NOM KON ADJ;1
NOM PRP:det NOM ADJ KON PRP DET:ART NOM ADJ;1
NOM PRP NOM PRP NAM KON PRP NAM;1
NOM VER:pper ADJ PRP NAM;1
NOM PRP NAM PRP NOM NOM;1
VER:pper PRP NOM ADJ PRP NOM PRP:det ADJ NOM;1
ADJ NOM ADJ ADJ NOM ADJ;1
NOM ADJ PUN NAM NAM PUN;1
NOM ABR SYM;1
NOM PRP DET:ART NAM VER:futu;1
NOM NAM NOM ABR SYM;1
NOM ADJ PRP ADJ NOM PRP NOM ADJ PRP NOM PRP:det ADJ NOM;1
NAM VER:futu VER:pper NOM;1
NOM PRP PRO:IND NOM;1
NOM PRP DET:ART NOM VER:pper PRP NOM PRP NOM PRP DET:ART NAM;1
NAM NAM PRP DET:ART NOM ADJ;1
NAM NAM PRP DET:ART NOM ADJ ADJ;1
NOM ADJ PRP DET:ART NOM ADJ PRP NOM NAM;1
NAM NAM PRP:det NOM ADJ ADJ PRP NOM NAM;1
NOM PRP:det NOM ADJ VER:pper PRP:det NOM;1
NOM ADJ PRP:det NOM ADJ PRP:det NOM ADJ VER:pper PRP:det NOM;1
NAM NAM PRP:det NOM ADJ;1
NOM PRP NOM KON PRP NOM ADJ PRP DET:ART ADJ NOM VER:pper;1
NOM PRP DET:ART NOM PRP:det NOM PRP:det NOM PRP:det NOM;1
NOM PRP DET:ART NOM ADJ PRP:det NOM PRP:det NOM;1
NOM NOM NOM VER:ppre NOM;1
VER:pper KON ADJ PRP:det NOM;1
ADJ NAM VER:futu NAM NAM;1
DET:ART NOM PRP:det NOM;1
NOM PRP NOM VER:infi NOM;1
NOM PRP NOM VER:infi VER:pper;1
NOM PRP NOM PRP NOM PRP:det NOM ADJ;1
VER:pper PRP DET:ART NOM PRP:det NOM PRP NOM;1
PRP DET:ART NOM KON PRP:det NOM;1
NOM ADJ PRP ADJ NOM PRP NAM PRP NOM PRP:det ADJ NOM;1
NOM PRP DET:ART NOM ADJ PRP ADJ;1
NOM PRP:det NOM PRP ADJ;1
NOM ADJ PRP DET:ART NOM NOM NAM;1
NOM NOM PRP NUM NOM;1
ADJ NOM VER:pper PRP:det NOM;1
ADJ ADV ADJ NOM;1
VER:ppre ADJ PRP NOM;1
VER:pper PRP NOM PRP DET:ART NAM;1
VER:pper NAM;1
VER:pres ADJ PRP:det NOM;1
NOM PRP:det NOM PRP:det NOM PRP NOM ADJ;1
NAM KON ADJ;1
NOM VER:ppre KON VER:ppre PRP:det NOM PRP NOM;1
ADJ NOM PRP NOM ADJ KON ADJ;1
NOM PRP NOM PRP NOM PRP DET:ART NOM PRP NOM PRP DET:ART NAM;1
VER:pper PRP NOM PRP NOM PRP NOM PRP DET:ART NAM PRP ADJ NOM;1
VER:pper PRP NOM PRP NOM PRP NOM PRP ADJ NOM;1
NOM PRP NOM PRP NOM PRP DET:ART NOM PRP DET:ART ADJ ADJ;1
VER:pper PRP NOM PRP NOM PRP NOM PRP NOM;1
NOM PRP NOM PRP DET:ART NOM PRP DET:ART NAM PRP NOM;1
NOM PRP DET:ART ADJ ADJ PRP DET:ART NAM;1
NOM VER:ppre NOM NOM NOM;1
NOM NOM PRP NOM PRP DET:ART NOM;1
NAM NAM NAM NAM NUM;1
NOM ADJ NUM PRP NOM ADJ;1
NOM PRP NOM ADJ ADJ NUM;1
NOM PRP NOM ADJ ADJ NAM;1
NOM PRP NOM PRP NOM ADJ KON PRP:det NOM;1
VER:pper ADJ;1
NOM ADJ VER:pper ADV ADJ;1
NOM VER:pres NOM VER:pper;1
NOM PRP NOM PRP NOM VER:pper NOM;1
NOM PRP NOM PRP NOM VER:pper ADJ;1
ADJ NOM ADJ NAM;1
NOM PRP DET:ART VER:pres NOM;1
NOM NAM VER:futu ADJ;1
VER:simp ADJ NOM ADJ;1
NOM ADJ PRP DET:ART NOM PRP:det NAM;1
NOM PRP DET:ART NOM NOM PRP NOM PRP ADJ;1
NAM NAM PRP NOM NUM;1
NOM ABR PRP:det NOM NAM;1
NOM PRP NOM PRP:det NOM KON PRP NOM ADJ;1
NOM PRO:PER VER:ppre PRP:det NOM PRP NOM ADJ PRP DET:ART NOM;1
VER:infi PRP DET:ART NOM;1
NOM PRP DET:ART NOM PRP DET:ART NOM NOM NAM;1
NOM PRP NOM PRP NOM NUM PRP:det NOM PRP NOM ADJ;1
NOM PRP NOM NUM PRP:det NOM PRP NOM ADJ;1
NOM ADJ PRP DET:ART NOM ADJ ADJ ADJ;1
NAM NOM ADJ VER:subp NOM;1
NOM PRP NOM PRP NOM VER:pper PRP DET:ART NOM PRP NOM;1
NOM PRP NOM PRP DET:ART NAM NAM;1
ADJ PRP DET:ART NOM ADJ PRP DET:ART NOM;1
ADJ PRP DET:ART NOM ADJ NAM;1
NOM PRP DET:ART NOM PRP:det NOM ADJ PRP:det NOM;1
NOM PRP:det NOM NOM NOM;1
VER:pres VER:pper VER:pper;1
NOM PRP DET:ART NOM VER:pper VER:pper;1
NOM PRP NOM PRP NOM NOM VER:pper PRP NOM;1
NOM PRP NOM PRP NOM KON NOM NOM VER:pper PRP NOM;1
NOM NAM NAM NAM NAM NAM NAM NAM;1
NOM PRP NOM VER:pres ADJ;1
NOM PRP NOM VER:pper VER:pper PRP DET:ART NOM;1
NOM PRP NAM NAM PRP DET:ART NOM;1
NOM PRP NAM NAM PRP:det NOM PRP NOM;1
NOM PRP NOM VER:pper PRP DET:POS NOM;1
NOM VER:pper VER:pres ADJ;1
NOM ADV ADJ NOM NOM;1
NOM PRP NOM ADJ PRP NAM ADJ;1
NOM PRP DET:ART NOM ADJ PRP:det NAM PRP NAM;1
NOM PRP NOM VER:pper PRP PRP:det NOM;1
NOM NOM ADJ NOM ADJ;1
NOM VER:ppre PRP NOM PRP NOM;1
NOM NOM ADJ NOM VER:simp VER:pper;1
NOM ADJ NOM PRP:det NOM ADJ;1
NOM ADJ NOM PRP DET:ART NOM PRP NOM PRP:det NAM;1
VER:pres ADJ PRP NOM ADJ;1
NOM NAM PRP DET:ART NOM ADJ VER:ppre DET:ART NAM;1
NOM ADJ NAM PRP:det NOM ADJ;1
ADV NOM ADJ;1
NOM ADJ ADJ PRP DET:ART NOM PRP NOM PRP:det NAM;1
NOM ADJ VER:pper PRP NOM PRP NOM PRP:det NAM;1
NOM VER:pper PRP:det NOM PRP:det NOM;1
NOM NAM PRP:det NOM PRP NOM PRP:det NAM;1
NOM ADJ VER:pper PRP NOM ADJ;1
NOM NAM PRP:det NOM VER:ppre DET:ART NAM;1
NOM ADJ NAM PRP NOM ADJ;1
NOM ADJ NAM PRP:det NOM PRP NOM PRP:det NAM;1
NOM ADJ NAM PRP NOM PRP NOM PRP:det NAM;1
NOM ADJ VER:simp NOM NOM NOM;1
NOM ADJ KON ADJ NOM ADJ;1
ABR PRP NAM;1
NOM VER:pper PRP DET:ART NOM ADJ PRP NOM PRP NOM;1
ADJ NOM NUM NOM;1
NUM PUN NOM PUN;1
NOM ADJ NOM VER:pres;1
NOM VER:pper PRP:det NOM PRP NAM;1
NOM NOM ADJ KON ADJ NOM;1
NOM NOM NOM KON ADJ;1
NOM DET:ART NAM;1
NOM VER:pper PRP DET:ART NOM ADJ PRP NOM;1
NOM VER:ppre PRP NOM VER:pper;1
NOM VER:ppre PRP:det NOM VER:pper;1
NOM VER:pper VER:ppre PRP NOM;1
NOM VER:pper VER:ppre PRP:det NOM PRP NOM;1
NOM PRP NOM ADJ VER:ppre;1
NOM VER:ppre VER:ppre PRP:det NOM PRP NOM;1
NOM ADJ VER:ppre NOM;1
NOM ADJ VER:ppre PRP:det NOM PRP NOM KON PRP NOM;1
NOM VER:ppre DET:ART NOM PRP NOM KON PRP ADJ NOM;1
NOM PRP NOM PRP:det NOM KON PRP:det NOM ADJ;1
NOM VER:ppre DET:ART NOM PRP NOM ADJ;1
NOM ADJ VER:ppre PRP:det NOM PRP NOM;1
NOM NOM PRP DET:ART NOM PRP:det NOM;1
NOM PRP NOM PRP DET:ART NOM KON DET:ART NOM ADJ;1
NOM PRP:det NOM NOM ADJ PRP:det NOM PRP DET:ART NOM ADJ;1
NOM NAM KON DET:ART NOM;1
NOM PRP NAM VER:ppre;1
NOM PRP NOM PRP PRP ADJ NOM ADJ;1
NAM NAM NAM VER:pres NOM;1
NOM ADJ PRP NAM PRP NOM;1
NOM PRP NOM ADV VER:pper;1
NOM VER:pper ADV VER:pper;1
NOM PRP NOM ADV ADJ NOM;1
VER:pper PRP NOM PRP DET:ART NOM ADJ;1
VER:pper PRP NOM PRP:det NOM ADJ;1
NOM PRP DET:ART NOM PRP:det ADJ;1
NOM VER:pper PRP:det ADJ;1
NOM PRP DET:ART NOM PRP DET:ART NOM PRP NOM ADJ;1
NOM KON NOM PRP DET:ART NOM ADJ;1
NOM ADJ ABR;1
NOM PRP NOM PRP DET:ART NOM ADJ PRP:det NOM;1
NAM PRP:det NAM;1
NOM NAM NOM NAM NAM NAM;1
ADJ NOM NOM NOM NOM;1
ADJ NOM NOM NAM NAM VER:futu NAM;1
ABR ABR DET:ART NOM ADJ;1
NOM ADJ PRP DET:ART NOM ADJ PRP:det NAM PRP NAM;1
ADJ NOM VER:subi NAM;1
NOM PRP NOM PRP NOM ADJ NOM;1
NOM ADJ PRP DET:ART NAM PRP:det NAM PRP NAM;1
NOM ADJ PRP DET:ART PRP DET:ART NOM;1
NOM VER:pper PRP DET:ART NOM KON DET:ART NOM;1
NAM VER:pres NOM NAM VER:pres NOM;1
ADJ NOM PRP NOM ADV ADJ NAM;1
NAM VER:pres NOM NAM;1
NOM NAM VER:futu NAM;1
NOM NAM NOM NOM NAM;1
NUM ABR ABR NOM;1
ABR ABR NUM;1
NOM NAM PRP NAM PRP:det NAM PRP NAM;1
NAM NAM VER:futu NAM;1
NOM PRP NOM PRP:det NOM PRP ADJ NOM;1
VER:simp VER:infi;1
NOM PRP NOM PRP:det ABR PRP DET:ART ADJ NOM;1
NOM PRP NOM PRP:det NOM PRP DET:ART ADJ NOM;1
NOM PRP NAM ADJ NOM NUM;1
NOM NOM NOM NOM NOM ADJ;1
NAM NOM NOM ADJ;1
NOM ADJ PRP NOM ADJ ADJ ADJ;1
NOM PRP NOM PRP DET:ART NOM PRP NOM ADJ;1
NAM VER:futu NOM NOM;1
ADJ NAM ABR NAM;1
VER:pper PRP NOM NOM ADJ;1
VER:pper PRP NOM NOM NOM ADJ;1
VER:pper PRP NOM NOM;1
VER:pres NOM ADJ;1
NOM PRP NAM ADJ VER:ppre;1
ADJ KON VER:pper PRP NOM;1
NAM ABR;1
ADJ NOM PRP NOM ADJ PRP:det NOM;1
NOM ADJ VER:pper PRP:det ABR;1
NAM NAM NOM ADJ;1
NOM PRP NAM VER:pper PRP DET:ART NUM;1
NOM PRP:det NOM ADJ KON PRP NOM PRP DET:ART NOM;1
NOM PRP DET:ART NOM KON NOM ADJ;1
NOM PRP DET:ART NOM KON NOM PRP:det NOM ADJ;1
NOM PRP NOM ADJ KON PRP NOM PRP DET:ART NOM;1
NOM PRP DET:ART NOM KON PRP:det NOM ADJ PRP DET:ART NOM;1
ADJ NOM ADJ VER:pper PRP PRP:det NOM ADJ;1
NOM PRP NAM ADJ ADJ;1
NOM ADJ KON ADJ PRP DET:ART NOM ADJ;1
NOM ADJ KON ADJ PRP DET:ART NOM PRP:det NOM;1
NOM ADJ VER:subp NOM ADJ;1
NOM PRP DET:ART NOM NUM VER:pper;1
NOM PRP DET:ART NOM NUM NAM;1
VER:impf ADJ;1
NOM VER:pper ADJ VER:pper;1
NOM VER:pper ADJ ADJ;1
NOM VER:pper PRP NOM VER:pper;1
NOM NOM ADJ PRP NOM NAM;1
NOM PRP:det NOM ABR;1
NOM PRP NAM PRP:det NOM NUM;1
NOM NOM PRP NOM ABR;1
NUM SYM ADJ;1
NOM VER:pper ADJ VER:pper PRP DET:ART NUM;1
NAM KON ADJ NOM;1
NOM NAM NAM KON NAM;1
NOM PRP NOM PRP NUM SYM;1
NOM PRP DET:ART NOM KON PRP DET:ART NOM PRP NOM ADJ;1
NOM ADJ KON NOM PRP NOM;1
VER:pres NOM NOM;1
NOM PRP:det NOM NOM PRP NOM ADV ADJ;1
NOM PRP:det NOM VER:pper PRP:det NOM PRP NOM;1
NOM ADV ADJ PRP:det NOM ADJ PRP:det NOM;1
NOM PRP:det NOM VER:pper PRP:det NOM;1
NOM PRP:det NOM PRP:det NOM PRP:det NAM;1
NOM PRP:det NOM PRP:det NOM PRP:det NOM ADJ;1
NOM PRP:det NOM ADJ ADJ PRP:det NOM;1
NOM ADJ PRP:det NOM VER:pper PRP DET:ART NOM;1
NOM ADJ VER:pper NOM PRP DET:ART NOM;1
NOM ADJ NOM ADJ NOM;1
NOM VER:pper PRP ADJ NOM;1
NOM ADJ PRP DET:ART ADJ NOM ADJ;1
NOM PRP DET:ART NOM ADV VER:pper;1
NOM PRP NOM ADV;1
VER:pres PRP NOM ADJ;1
NOM PRP PRP DET:ART NOM PRP NOM;1
NOM PRP:det NOM PRP DET:ART NOM ADJ ADJ NOM;1
NOM PRP:det NOM PRP DET:ART NOM ADJ VER:pres ADJ;1
NOM ADJ PRP DET:ART NOM PRP DET:ART NOM ADJ;1
NOM PRP:det NOM ADJ PRP DET:ART NOM ADJ;1
NOM NAM ADJ ADV;1
NOM VER:pres ADJ NOM;1
NOM PRP:det NOM ADJ VER:pper PRP:det NAM;1
VER:ppre PRP ADJ NOM PRP DET:ART NOM PRP NAM;1
VER:ppre PRP ADJ NOM PRP:det NAM;1
NOM NAM PRP DET:ART NOM ADJ NUM;1
NOM ADJ VER:pper PRP NOM PRP NOM PRP NAM;1
NOM VER:pper PRP NOM KON PRP NOM ADJ;1
NOM ADV VER:futu VER:pper;1
NOM ADJ ADJ VER:pper PRP:det NOM ADJ;1
ABR VER:pper PRP:det NOM VER:impf ADJ;1
VER:pres ADJ NOM VER:ppre NOM;1
NOM NOM PRP NOM VER:pper;1
NOM NAM VER:futu NAM NAM NAM;1
NOM ADJ PRP NOM VER:pper PRP DET:ART NUM;1
NAM NAM NAM NOM;1
ADJ NOM NAM NAM NAM NAM;1
NOM ADJ VER:pper PRP NOM NAM;1
NAM VER:pres NOM VER:subi NOM ADJ;1
NOM NOM KON ADJ NOM;1
NOM ADJ VER:pres;1
VER:pper PRP:det NOM NOM;1
ADJ NOM PRP NOM PRP:det NOM;1
NOM ADJ PRP:det ADJ ADJ;1
NOM PRP:det NOM NOM PRP:det NOM;1
NOM PRP:det NOM ADJ KON NOM PRP NOM VER:pper;1
NOM ADJ PRP DET:ART NOM ADJ ADJ PRP DET:ART NOM;1
NOM PRP:det NOM VER:pper PRP DET:ART NOM PRP:det NOM ADJ;1
NOM NOM ADJ ADV VER:pper PRP NOM;1
NOM PRP DET:ART NOM ADJ PRP NOM ADJ;1
NOM ADJ ADJ NOM PRP NAM;1
VER:pper PRP:det NOM ADJ PRP:det NOM ADJ;1
NOM ADJ ADJ PRP ADJ NOM VER:pper;1
NOM PRP NOM PRP NOM PRP NOM VER:pper PRP NOM ADJ;1
NOM PRP:det NOM VER:ppre DET:ART NAM;1
NOM PRP:det NOM PRP NOM PRP:det NAM;1
NOM VER:futu VER:pper PRP NAM;1
ADJ NOM PRP DET:ART NOM ADJ NUM;1
NOM VER:ppre DET:ART NAM VER:pper PRP NAM;1
NOM NAM PRP NOM VER:pper PRP:det NOM;1
VER:simp VER:pper;1
ADJ NOM PRP NOM PRP NOM;1
VER:pper PRP NUM NOM ADJ;1
NOM ADJ PRP:det ADV ADJ;1
NOM VER:pper PRP NOM PRP DET:ART NOM ADJ;1
NOM PRP:det NOM VER:simp;1
NOM NOM NAM VER:ppre;1
NOM PRP NOM PRP NOM NAM KON ADJ;1
NOM PRP NOM ADJ NAM PRP NOM;1
NOM PRP ADJ NOM ADJ NOM;1
NOM PRP NOM NOM PRP NAM;1
NOM DET:POS ADJ NOM;1
ADJ NOM ADJ KON ADJ;1
NOM PRP DET:ART NOM ADJ ADJ ADJ;1
NOM NOM VER:pres VER:pper;1
NOM PRP ADJ NOM VER:simp;1
NOM PRP ADJ NOM PRP NOM VER:simp;1
NOM PRP ADJ NOM PRP NOM NOM;1
NOM VER:ppre DET:ART NOM PRP:det NOM ADJ;1
NOM PRP:det NOM PRP NOM PRP:det NOM ADJ;1
NOM PRP NOM PRP NOM PRP NOM PRP NAM;1
NOM NAM PRP NOM PRP NAM NAM;1
NOM NAM PRP NOM PRP NAM;1
NOM PRP NUM NOM PRP NAM;1
VER:pres VER:futu DET:ART NOM ADJ;1
NAM VER:futu NAM NAM NAM NAM NAM;1
NAM VER:pres NOM ADJ;1
NOM VER:futu VER:pper;1
NOM VER:pper PRP NOM PRP:det NAM;1
NOM VER:pper PRP VER:ppre DET:ART NAM;1
NOM VER:pper PRP PRP NOM PRP:det NAM;1
NOM PRP NOM PRP:det NOM ADJ PRP NOM;1
NOM NOM ADJ PRP NOM ADJ;1
VER:pper PRP NAM NOM ADJ;1
NOM NOM ADJ PRP NAM;1
NOM NAM ADJ NOM;1
NOM ADJ VER:pper VER:pper PRP NOM;1
VER:simp ADJ NOM VER:pper PRP:det NOM;1
VER:simp ADJ NOM VER:pper PRP NOM;1
ADJ NOM PRP NAM ADJ;1
NOM PRP DET:ART NOM PRP DET:ART NOM PRP DET:ART NOM ADJ PRP:det NOM;1
NOM PRP NOM ADJ VER:pper PRP:det NAM;1
NOM PRP DET:ART NOM PRP DET:ART NOM PRP DET:ART NOM ADJ;1
ABR PRP NOM PRP NOM NOM;1
ABR PRP NOM PRP:det NOM NOM;1
ABR PRP NOM PRP:det NOM ADJ;1
ADJ NOM NOM VER:ppre DET:ART NAM;1
NOM PRP DET:ART NOM PRP DET:ART NOM PRP DET:ART NOM ADJ ADJ;1
ABR NUM NOM NOM;1
NOM PRP DET:ART ADJ ADJ ADJ;1
NOM PRP:det NOM PRP DET:ART ABR;1
ADJ NOM PRP DET:ART NOM NAM VER:ppre DET:ART NAM;1
NOM NOM ADJ ADJ VER:ppre DET:ART NAM;1
NOM NAM ADJ NOM VER:ppre DET:ART NAM;1
NOM NAM PRP NOM PRP:det NAM;1
NOM NAM VER:ppre DET:ART NAM;1
NOM ADJ NUM KON NAM;1
NOM PRP DET:ART NOM VER:pres PRP:det NAM;1
NOM ADJ ADJ ADJ ADV VER:pper;1
NOM PRP:det NOM ADJ NUM KON NOM NAM;1
ADJ NOM PRP:det NAM;1
NOM PRP DET:ART NOM VER:futu PRP:det NAM;1
NOM PRP DET:ART NOM VER:futu PRP:det NOM PRP NOM VER:pper PRP:det NOM;1
NOM ADJ NUM KON NUM;1
NOM KON NOM ADJ NOM;1
NOM PRP NOM NOM ADJ NUM;1
NOM PRP:det ADJ KON ADJ;1
NOM ADJ PRP NOM VER:ppre PRP DET:ART NOM ADJ;1
NOM ADJ ADJ VER:ppre PRP DET:ART NOM ADJ;1
ABR PRP NOM PRP DET:ART NAM;1
ABR PRP DET:ART NOM NAM VER:futu NAM;1
NOM NAM VER:futu ADJ NOM;1
NOM VER:futu NOM PRP NOM ADJ;1
NOM NOM PRP NOM PRP:det NAM PRP NOM ADJ;1
NOM ADJ VER:ppre DET:ART NOM PRP NOM ADJ;1
NOM VER:futu NOM PRP NOM;1
NOM NOM PRP NOM PRP:det NAM PRP NOM;1
NOM ADJ VER:ppre DET:ART NOM PRP NOM;1
NOM ADJ PRP PRP:det NOM;1
NOM VER:pper PRP:det ADJ NOM;1
NOM PRP NOM PRP VER:pper;1
VER:pper PRP NOM PRP NAM ADJ;1
NOM ADJ NAM NUM;1
NAM VER:futu NUM;1
NOM PRP:det NOM PRP NOM PRP DET:ART NOM PRP:det NOM;1
NOM PRP:det NOM VER:pper PRP DET:ART NOM PRP NOM;1
NOM ADJ PRP:det NOM ADJ PRP:det NOM;1
NOM NOM VER:pper PRP DET:ART NOM;1
NOM NAM PRP NOM PRP DET:ART NOM ADJ;1
VER:pres NAM NAM;1
NOM ADJ ADJ PRP NOM ADJ ADJ;1
NOM NOM ADJ PRP NOM PRP NOM;1
NOM PRP VER:infi NOM KON NOM;1
NOM ADJ ADJ PRP:det NOM PRP NOM;1
NOM NAM VER:simp;1
NOM ADJ PRP NOM NOM PRP NAM;1
NOM PRP NOM VER:pper PRP DET:ART NAM NOM;1
NOM PRP NOM PRP NOM PRP NAM VER:pper;1
ADJ PRP NOM PRP NOM ADJ;1
NOM ADJ ADJ VER:pres;1
NOM PRP NOM ADJ VER:pper PRP DET:ART NOM;1
NOM ADJ KON NOM NOM NOM;1
NOM PRP NUM NOM VER:pper PRP NOM;1
NOM PRP NOM PRP NOM PRP NOM NOM PRP NOM;1